,Energy,dG/de1,dH/de1,alpha
0,1e-05,0.18914890329598671,-0.04016082283601232,0.21232384717117436
1,0.006090921843687374,0.10808660868396491,0.011853761224201844,-0.10966910118219296
2,0.012171843687374749,0.10537852796558998,0.020195980372534946,-0.19165176020611796
3,0.018252765531062125,0.10491476188264799,0.026305402834330256,-0.2507311875115731
4,0.0243336873747495,0.10529004686697895,0.031417266415820676,-0.2983878092058648
5,0.03041460921843687,0.10611471647030687,0.035953036092827,-0.3388129119949862
6,0.036495531062124255,0.10722329290346728,0.04011437480986207,-0.37411996706701484
7,0.04257645290581163,0.10852884324433247,0.044014140580611656,-0.40555247125892624
8,0.048657374749499,0.10997890360253662,0.047721943217779214,-0.43391906678981046
9,0.054738296593186374,0.11153912435651787,0.05128372111843337,-0.4597823536296802
10,0.06081921843687375,0.11318623273618626,0.054731299431331384,-0.48355085338778564
11,0.06690014028056111,0.11490348637605824,0.05808759312091335,-0.5055337740649853
12,0.0729810621242485,0.11667756437388566,0.0613696339082349,-0.5259763026212984
13,0.07906198396793587,0.11849986439387933,0.06459030732653288,-0.5450665083619206
14,0.08514290581162325,0.12036350580114653,0.0677596410629887,-0.5629583536303349
15,0.09122382765531062,0.12226110037145047,0.0708856067824677,-0.579788719119204
16,0.09730474949899799,0.12419010905348643,0.0739745058929903,-0.5956553743030439
17,0.10338567134268536,0.12614454086788987,0.07703156125078701,-0.6106610775290032
18,0.10946659318637274,0.12812347268247226,0.08006097026755415,-0.6248735582274517
19,0.11554751503006011,0.13012232828892478,0.08306629706664086,-0.6383708173604127
20,0.12162843687374748,0.13214038223142788,0.08605046815435498,-0.6512049284347309
21,0.12770935871743488,0.13417534914347967,0.08901597660812881,-0.6634301842802739
22,0.13379028056112224,0.13622488426715915,0.09196495035357156,-0.6750965570520386
23,0.13987120240480963,0.1382891509938133,0.09489917175952181,-0.6862372867107077
24,0.14595212424849702,0.14036566511303067,0.09782020593036891,-0.6968955396007873
25,0.15203304609218438,0.14245346033636927,0.10072938700598895,-0.7071038272298964
26,0.15811396793587176,0.14455268697329018,0.10362785437792786,-0.7168863931050674
27,0.16419488977955912,0.14666161138964826,0.10651661670475898,-0.726274692439914
28,0.1702758116232465,0.14877909539088022,0.1093965506441861,-0.735295172730912
29,0.17635673346693387,0.15090554825380914,0.1122684097474159,-0.7439647583970262
30,0.18243765531062126,0.15304030537839397,0.11513286309443926,-0.7523041907801471
31,0.18851857715430861,0.15518184100239343,0.11799050421961313,-0.7603370565618777
32,0.194599498997996,0.15733005088823807,0.1208418304948987,-0.7680785063798183
33,0.2006804208416834,0.15948508897658256,0.1236872683750502,-0.7755412695240205
34,0.20676134268537075,0.1616463561278227,0.12652719525129758,-0.7827407822991416
35,0.21284226452905813,0.16381267670143088,0.1293619456660799,-0.7896943525430468
36,0.2189231863727455,0.16598384859423052,0.13219181277467767,-0.7964137106968646
37,0.22500410821643288,0.16816011326276178,0.13501705486063023,-0.80290773026334
38,0.23108503006012024,0.17034126365456223,0.13783790222957146,-0.8091868010859373
39,0.23716595190380763,0.17252664181188704,0.14065456108641333,-0.8152628464175107
40,0.24324687374749498,0.17471549607688128,0.14346720872828483,-0.8211475910823272
41,0.24932779559118237,0.1769079217364567,0.14627597463460096,-0.8268480755345214
42,0.25540871743486976,0.17910398876330363,0.14908096373137725,-0.8323709860442943
43,0.2614896392785571,0.18130348589593642,0.15188226488043435,-0.8377239087813838
44,0.2675705611222445,0.1835059249395132,0.15467995299216816,-0.8429153066482916
45,0.2736514829659319,0.18571062947129627,0.15747408672761568,-0.8479540841357986
46,0.27973240480961925,0.18791742694767632,0.16026467624092283,-0.8528462678745963
47,0.2858133266533066,0.19012634616162077,0.16305169976408446,-0.8575965564787063
48,0.291894248496994,0.19233724248360376,0.16583512357893504,-0.8622101546094072
49,0.2979751703406814,0.1945497966536998,0.1686149034259536,-0.8666927764827709
50,0.30405609218436874,0.1967635167213293,0.17139098562711258,-0.8710506321649499
51,0.3101370140280561,0.19897780998416711,0.1741633142634868,-0.8752901355047841
52,0.3162179358717435,0.20119259345414908,0.1769318855136769,-0.8794155017142761
53,0.3222988577154309,0.2034080404217683,0.1796967261319718,-0.8834298081795051
54,0.32837977955911823,0.2056242316271117,0.18245786350331586,-0.887336390558255
55,0.3344607014028056,0.2078411525687582,0.18521532600937485,-0.8911388515712823
56,0.340541623246493,0.21005869445173866,0.18796914366327502,-0.894841054562782
57,0.34662254509018037,0.21227665503972595,0.19071934869003399,-0.898447116826588
58,0.3527034669338677,0.2144947887021868,0.19346596136980077,-0.9019611270762232
59,0.35878438877755514,0.2167130408470469,0.1962089208630113,-0.9053858507827081
60,0.3648653106212425,0.21893138316258481,0.1989481349680229,-0.9087236927575534
61,0.37094623246492986,0.22114972085397053,0.20168350835639565,-0.9119772232928623
62,0.3770271543086172,0.22336789305135865,0.204414942987112,-0.9151491747299204
63,0.38310807615230463,0.22558567327043058,0.2071423384623801,-0.9182424373823566
64,0.389188997995992,0.22780276983464642,0.20986559235644756,-0.9212600553925714
65,0.39526991983967935,0.23001882634528575,0.21258460047981192,-0.9242052220573329
66,0.40135084168336677,0.23223348612261052,0.2152992254977336,-0.9270808835210944
67,0.4074317635270541,0.23444651303598613,0.21800923766382388,-0.9298890175020892
68,0.4135126853707415,0.23665765143123438,0.2207143844457748,-0.9326315169231187
69,0.41959360721442884,0.2388665962065645,0.2234144056873711,-0.935310375060434
70,0.42567452905811626,0.24107299307109525,0.2261090338326093,-0.9379276830313675
71,0.4317554509018036,0.24327643878905844,0.22879799413674123,-0.9404856272790508
72,0.437836372745491,0.24547648141208225,0.2314810048654552,-0.9429864870715138
73,0.4439172945891784,0.24767262050172706,0.2341577774832901,-0.9454326320323214
74,0.44999821643286575,0.24986431115034965,0.23682801840307183,-0.9478265115683786
75,0.4560791382765531,0.2520512622160074,0.23949155214550086,-0.9501700171620531
76,0.46216006012024047,0.25423366799437647,0.24214841698733766,-0.952464002496687
77,0.4682409819639279,0.2564117636394562,0.24479868152472203,-0.9547092459803698
78,0.47432190380761524,0.25858577639391406,0.24744242460433274,-0.9569065555539057
79,0.4804028256513026,0.2607559256728394,0.25007973541144407,-0.959056768378908
80,0.48648374749498996,0.2629224231383498,0.2527107135482374,-0.961160750504954
81,0.4925646693386774,0.2650854727658667,0.2553354691027871,-0.9632193965163411
82,0.49864559118236473,0.26724527090280964,0.2579541227091024,-0.9652336291590126
83,0.5047265130260521,0.26940200632039707,0.26056680559857753,-0.9672043989482695
84,0.5108074348697395,0.27155585877031235,0.26317365815953503,-0.9691326836079528
85,0.5168883567134268,0.27370685727756505,0.26577468873231064,-0.9710194745423918
86,0.5229692785571142,0.27585475561654527,0.2683696495688402,-0.9728657712245141
87,0.5290502004008015,0.27799925591798413,0.27095825968044635,-0.9746726076144065
88,0.5351311222444889,0.28014003554112005,0.2735402316109332,-0.9764410541412312
89,0.5412120440881764,0.28227674717138485,0.2761152715249247,-0.9781722167759033
90,0.5472929659318637,0.2844090189197086,0.27868307929455105,-0.9798672361133033
91,0.5533738877755511,0.2865364544238678,0.28124334858472483,-0.9815272864676653
92,0.5594548096192384,0.28865863295227523,0.2837957669372371,-0.9831535749847395
93,0.5655357314629258,0.29077510951057994,0.2863400158538847,-0.9847473407742492
94,0.5716166533066132,0.29288541495141734,0.2888757708788199,-0.9863098540660942
95,0.5776975751503005,0.29498905608763,0.291402701680311,-0.9878424153936965
96,0.583778496993988,0.29708558113445166,0.2939205032201848,-0.989346241907195
97,0.5898594188376753,0.2991748847834328,0.29642904094300004,-0.9908219440197314
98,0.5959403406813627,0.301256982140306,0.2989282431737552,-0.9922699253308386
99,0.6020212625250501,0.3033318846420859,0.30141804207462675,-0.9936905987653841
100,0.6081021843687374,0.30539959994825444,0.3038983736055341,-0.9950843866757695
101,0.6141831062124248,0.3074601319542038,0.3063691775406559,-0.9964517207268018
102,0.6202640280561121,0.30951348080355695,0.30883039748219454,-0.9977930417777313
103,0.6263449498997995,0.31155964289949994,0.3112819808714601,-0.9991087997615614
104,0.632425871743487,0.31359861091524704,0.3137238789973511,-1.000399453561795
105,0.6385067935871743,0.3156303738037551,0.3161560470022894,-1.0016654708867188
106,0.6445877154308617,0.31765491680679603,0.3185784438856781,-1.002907328141386
107,0.650668637274549,0.31967222146348684,0.3209910325049329,-1.0041255102974178
108,0.6567495591182364,0.3216822656183702,0.323393779574143,-1.0053205107607743
109,0.6628304809619238,0.32368498710607096,0.32578661778486523,-1.0064928271699718
110,0.6689114028056111,0.3256801515430825,0.3281693079561481,-1.0076429478470577
111,0.6749923246492986,0.32766746642358485,0.33054155803628554,-1.008771367032775
112,0.681073246492986,0.32964662791170346,0.3329030718886064,-1.0098785902878253
113,0.6871541683366733,0.33161732179265035,0.33525355057599027,-1.010965135245901
114,0.6932350901803607,0.33357923242873816,0.33759270481725623,-1.0120315415300185
115,0.699316012024048,0.33553203944260807,0.3399202503518598,-1.0130783662762624
116,0.7053969338677354,0.33747541196050296,0.34223589987102554,-1.0141061770481807
117,0.7114778557114227,0.33940900860485473,0.3445393629508657,-1.0151155514908086
118,0.7175587775551102,0.34133247757911994,0.34683034611094865,-1.0161070770962728
119,0.7236396993987976,0.34324545675528745,0.34910855287347126,-1.0170813509772507
120,0.7297206212424849,0.3451475737640878,0.3513736838230586,-1.0180389796488225
121,0.7358015430861723,0.34703844608792933,0.35362543666720664,-1.0189805788192365
122,0.7418824649298597,0.3489176811565948,0.35586350629739427,-1.0199067731900986
123,0.747963386773547,0.3507848780363351,0.3580875858727162,-1.0208181945506347
124,0.7540443086172344,0.35263979822345576,0.3602974765288312,-1.0217152980008315
125,0.7601252304609218,0.3544825237054861,0.36249318885510295,-1.0225981948725695
126,0.7662061523046092,0.3563131759921197,0.36467476234796636,-1.0234669580561107
127,0.7722870741482966,0.35813188085998626,0.366842242749084,-1.0243216601330813
128,0.7783679959919839,0.35993876830617444,0.3689956820029021,-1.025162373420758
129,0.7844489178356713,0.36173397250017564,0.37113513821215044,-1.0259891700162893
130,0.7905298396793586,0.36351763173426466,0.3732606755912962,-1.0268021218408296
131,0.796610761523046,0.3652898883723462,0.3753723644179871,-1.027601300683592
132,0.8026916833667335,0.36705088879728776,0.377470280982495,-1.028386778245786
133,0.8087726052104208,0.36880078335676086,0.3795545075351945,-1.029158626184454
134,0.8148535270541082,0.3705397263076115,0.3816251322320851,-1.0299169161561663
135,0.8209344488977955,0.3722678757587823,0.3836822490783904,-1.0306617198605776
136,0.8270153707414829,0.37398539361280525,0.38572595787024677,-1.0313931090838182
137,0.8330962925851703,0.3756924455058853,0.3877563641345077,-1.0321111557417073
138,0.8391772144288576,0.37738920074659577,0.3897735790666836,-1.0328159319227672
139,0.8452581362725451,0.37907583225320346,0.3917777194670373,-1.03350750993102
140,0.8513390581162324,0.38075250283513956,0.39376889608180843,-1.0341859689686788
141,0.8574199799599198,0.38241914731700793,0.39574702862997796,-1.03485150104663
142,0.8635009018036072,0.3840755054485304,0.3977118738144357,-1.035504394767327
143,0.8695818236472945,0.3857213049986471,0.39966318079526236,-1.0361449461461927
144,0.8756627454909819,0.3873562675992452,0.40160069614288885,-1.036773455692166
145,0.8817436673346692,0.38898010882208844,0.4035241638939177,-1.0373902282969472
146,0.8878245891783567,0.3905925382576524,0.40543332560782663,-1.0379955731268593
147,0.8939055110220441,0.39219325959586687,0.4073279204245572,-1.0385898035174947
148,0.8999864328657314,0.39378197070875925,0.40920768512298,-1.039173236871298
149,0.9060673547094188,0.39535836373498784,0.41107235418023363,-1.0397461945582591
150,0.9121482765531062,0.3969221251662628,0.4129216598319293,-1.0403090018198522
151,0.9182291983967935,0.39847293593564326,0.41475533213322296,-1.0408619876763963
152,0.9243101202404809,0.40001047150770297,0.4165730990207379,-1.0414054848379537
153,0.9303910420841683,0.4015344019705563,0.4183746863753414,-1.0419398296189326
154,0.9364719639278557,0.4030443921297281,0.42015981808576086,-1.0424653618565267
155,0.9425528857715431,0.4045401016038662,0.4219282161130376,-1.0429824248331212
156,0.9486338076152304,0.40602118492227474,0.42367960055580506,-1.043491365202805
157,0.9547147294589178,0.40748729162426467,0.42541368971639065,-1.04399253292212
158,0.9607956513026051,0.4089380663603013,0.42713020016772424,-1.0444862811851672
159,0.9668765731462925,0.41037316390251316,0.4288288572512482,-1.0449729538189767
160,0.9729574949899799,0.41179246396737723,0.4305095462194537,-1.045452707103351
161,0.9790384168336673,0.4131960309447131,0.4321722846015984,-1.0459255468003863
162,0.9851193386773547,0.4145839375872279,0.4338170975616168,-1.046391474031341
163,0.991200260521042,0.4159562592687753,0.43544401375816,-1.0468504898174702
164,0.9972811823647294,0.4173130739369745,0.43705306529998333,-1.0473025950919288
165,1.0033621042084169,0.4186544620654907,0.4386442877007056,-1.0477477907116821
166,1.0094430260521043,0.4199805066059955,0.44021771983295366,-1.048186077469409
167,1.0155239478957916,0.4212912929398181,0.4417734038819116,-1.0486174561054111
168,1.021604869739479,0.422586908829305,0.44331138529828873,-1.0490419273195113
169,1.0276857915831663,0.42386744436890156,0.4448317127507302,-1.0494594917829616
170,1.0337667134268538,0.4251329919359689,0.44633443807767664,-1.0498701501503347
171,1.0398476352705412,0.42638364614134966,0.4478196162386967,-1.0502739030714157
172,1.0459285571142285,0.42761950377969943,0.44928730526530786,-1.0506707512030864
173,1.052009478957916,0.4288406637795913,0.4507375662112989,-1.0510606952212018
174,1.0580904008016032,0.4300472271534136,0.45217046310257203,-1.0514437358324513
175,1.0641713226452907,0.4312392969470656,0.4535860628865177,-1.0518198737862128
176,1.070252244488978,0.4324169781894709,0.454984435380942,-1.0521891098863903
177,1.0763331663326654,0.4335803778419176,0.4563656532225589,-1.0525514450032347
178,1.0824140881763529,0.4347296047472364,0.4577297918150611,-1.0529068800851455
179,1.0884950100200401,0.43586476957882886,0.45907692927678784,-1.0532554161704526
180,1.0945759318637276,0.43698598477893025,0.46040714637859176,-1.053597054403267
181,1.1006568537074148,0.4380933264172367,0.46172049277386057,-1.0539318107167912
182,1.1067377755511023,0.43918674765066895,0.46301691041307436,-1.0542597491611019
183,1.1128186973947896,0.44026617592956474,0.46429631962339757,-1.0545809444550136
184,1.118899619238477,0.44133153789182267,0.46555864114359685,-1.0548954723868218
185,1.1249805410821645,0.44238275937681953,0.4668037961303693,-1.0552034097982288
186,1.1310614629258517,0.44341976543957545,0.4680317061647197,-1.0555048345685394
187,1.1371423847695392,0.44444248036517214,0.4692422932583945,-1.0557998255991323
188,1.1432233066132265,0.44545082768340233,0.47043547986035766,-1.0560884627982168
189,1.149304228456914,0.4464447301836583,0.47161118886332,-1.0563708270658916
190,1.1553851503006012,0.4474241099300428,0.47276934361031125,-1.056647000279514
191,1.1614660721442887,0.44838888827670226,0.4739098679013008,-1.0569170652793909
192,1.1675469939879761,0.4493389858833715,0.47503268599985543,-1.0571811058547964
193,1.1736279158316634,0.4502743227311267,0.47613772263984266,-1.0574392067303375
194,1.1797088376753508,0.4511948181383406,0.4772249030321755,-1.0576914535526731
195,1.185789759519038,0.45210039077683256,0.4782941528715934,-1.057937932877591
196,1.1918706813627256,0.45299095868820966,0.4793453983434818,-1.0581787321574594
197,1.1979516032064128,0.4538664393003908,0.48037856613072816,-1.0584139397290628
198,1.2040325250501003,0.4547267494443112,0.48139358342061317,-1.058643644801828
199,1.2101134468937875,0.4555718053708021,0.482390377911737,-1.0588679374464505
200,1.216194368737475,0.4564015202662908,0.4833688754825816,-1.0590869092647992
201,1.2222752905811625,0.45721577491221405,0.4843289727396579,-1.059300661340151
202,1.2283562124248497,0.4580144274483281,0.4852705460907003,-1.0595093014737995
203,1.2344371342685372,0.4587973348179757,0.4861934717699805,-1.0597129383126735
204,1.2405180561122244,0.45956435323992273,0.48709762627102277,-1.0599116812193783
205,1.246598977955912,0.4603153422838101,0.48798288913989507,-1.0601056369722874
206,1.2526798997995992,0.4610502211655337,0.4888491815296015,-1.0602948639603558
207,1.2587608216432866,0.4617689554360356,0.48969645705795806,-1.060479383235175
208,1.264841743486974,0.46247151224513355,0.490524671156498,-1.0606592150404603
209,1.2709226653306613,0.4631578591679465,0.491333780266522,-1.0608343797710633
210,1.2770035871743488,0.4638279642080479,0.4921237418411869,-1.0610048979721436
211,1.283084509018036,0.4644817958006535,0.4928945143475413,-1.0611707903383192
212,1.2891654308617235,0.46511932281584406,0.49364605726850774,-1.0613320777127944
213,1.2952463527054108,0.46574051456182125,0.4943783311048122,-1.0614887810864684
214,1.3013272745490982,0.4663453407881955,0.4950912973768568,-1.0616409215970213
215,1.3074081963927857,0.46693377168930683,0.4957849186265375,-1.0617885205279776
216,1.313489118236473,0.46750577790757636,0.4964591584190068,-1.061931599307751
217,1.3195700400801604,0.46806133053689053,0.49711398134438106,-1.0620701795086676
218,1.3256509619238477,0.46860040112601437,0.4977493530193901,-1.0622042828459661
219,1.3317318837675352,0.46912296168203704,0.498365240088972,-1.0623339311767792
220,1.3378128056112224,0.4696289846738441,0.4989616102278077,-1.0624591464990922
221,1.3438937274549099,0.4701184430356215,0.49953843214180144,-1.0625799509506815
222,1.3499746492985973,0.470591310170386,0.5000956755695015,-1.0626963668080334
223,1.3560555711422846,0.47104755995354636,0.5006333112834642,-1.062808416485239
224,1.362136492985972,0.47148716673648877,0.5011513110915579,-1.062916122532871
225,1.3682174148296593,0.47191010535019123,0.5016496478382082,-1.0630195076368372
226,1.3742983366733468,0.4723163511088641,0.5021282954055886,-1.063118594617219
227,1.380379258517034,0.4727058798136157,0.5025872287147443,-1.06321340642708
228,1.3864601803607215,0.47307866775614443,0.5030264237266634,-1.0633039661512618
229,1.392541102204409,0.4734346917224557,0.5034458574432868,-1.0633902970051563
230,1.3986220240480962,0.47377392899660115,0.5038455079084544,-1.0634724223334564
231,1.4047029458917837,0.4740963573644431,0.5042253542087962,-1.0635503656088896
232,1.410783867735471,0.47440195511744476,0.5045853764745626,-1.0636241504309263
233,1.4168647895791584,0.47469069959716054,0.5049255540082371,-1.0636937998505869
234,1.4229457114228456,0.4749625580128622,0.5052458535043649,-1.0637593321423089
235,1.4290266332665331,0.4752174933217103,0.5055462365992988,-1.063820763553114
236,1.4351075551102206,0.4754554712047906,0.505826667600187,-1.0638781089603127
237,1.4411884769539078,0.47567647641120936,0.5060871258033174,-1.0639313712158827
238,1.4472693987975953,0.47588050316296576,0.506327598286975,-1.0639805474728234
239,1.4533503206412826,0.4760675461852462,0.5065480731647036,-1.0640256350673334
240,1.45943124248497,0.4762376006460606,0.5067485395405805,-1.064066631557712
241,1.4655121643286573,0.47639066215539255,0.506928987509221,-1.0641035347243377
242,1.4715930861723447,0.4765267267644288,0.5070894081557781,-1.0641363425696329
243,1.4776740080160322,0.4766457909648625,0.5072297935559417,-1.064165053318039
244,1.4837549298597195,0.4767478516882773,0.5073501367759414,-1.0641896654159932
245,1.489835851703407,0.47683290630560543,0.5074504318725448,-1.0642101775319097
246,1.4959167735470942,0.47690095262666593,0.5075306738930588,-1.0642265885561586
247,1.5019976953907817,0.47695198889977725,0.5075908588753294,-1.0642388976010546
248,1.508078617234469,0.47698601381144845,0.5076309838477407,-1.0642471040008443
249,1.5141595390781564,0.4770030264861475,0.5076510468292155,-1.064251207311696
250,1.5202404609218438,0.4770030264861475,0.5076510468292155,-1.064251207311696
251,1.526321382765531,0.4769860138114484,0.5076309838477406,-1.0642471040008443
252,1.5324023046092186,0.4769519888997772,0.5075908588753293,-1.0642388976010546
253,1.5384832264529058,0.4769009526266661,0.507530673893059,-1.0642265885561584
254,1.5445641482965933,0.47683290630560543,0.5074504318725448,-1.0642101775319097
255,1.5506450701402805,0.4767478516882771,0.5073501367759413,-1.0641896654159935
256,1.556725991983968,0.4766457909648625,0.5072297935559417,-1.064165053318039
257,1.5628069138276555,0.4765267267644288,0.5070894081557781,-1.0641363425696329
258,1.5688878356713427,0.4763906621553927,0.5069289875092213,-1.064103534724338
259,1.5749687575150302,0.47623760064606063,0.5067485395405806,-1.064066631557712
260,1.5810496793587174,0.4760675461852462,0.5065480731647034,-1.0640256350673327
261,1.587130601202405,0.4758805031629657,0.5063275982869752,-1.063980547472824
262,1.5932115230460921,0.4756764764112096,0.5060871258033176,-1.0639313712158824
263,1.5992924448897796,0.4754554712047907,0.505826667600187,-1.0638781089603124
264,1.605373366733467,0.4752174933217103,0.5055462365992988,-1.063820763553114
265,1.6114542885771543,0.4749625580128622,0.5052458535043648,-1.0637593321423087
266,1.6175352104208418,0.47469069959716054,0.5049255540082371,-1.0636937998505869
267,1.623616132264529,0.4744019551174449,0.5045853764745627,-1.0636241504309263
268,1.6296970541082165,0.4740963573644431,0.5042253542087962,-1.0635503656088896
269,1.6357779759519038,0.47377392899660103,0.5038455079084544,-1.0634724223334566
270,1.6418588977955912,0.4734346917224557,0.5034458574432868,-1.0633902970051563
271,1.6479398196392787,0.47307866775614443,0.5030264237266634,-1.0633039661512618
272,1.654020741482966,0.4727058798136159,0.5025872287147444,-1.06321340642708
273,1.6601016633266534,0.47231635110886405,0.5021282954055885,-1.0631185946172188
274,1.6661825851703407,0.4719101053501911,0.5016496478382081,-1.0630195076368372
275,1.6722635070140281,0.47148716673648877,0.5011513110915579,-1.062916122532871
276,1.6783444288577154,0.4710475599535466,0.5006333112834644,-1.062808416485239
277,1.6844253507014029,0.4705913101703861,0.5000956755695015,-1.0626963668080331
278,1.6905062725450903,0.47011844303562145,0.49953843214180144,-1.0625799509506817
279,1.6965871943887776,0.4696289846738441,0.49896161022780766,-1.0624591464990922
280,1.702668116232465,0.46912296168203704,0.498365240088972,-1.0623339311767792
281,1.7087490380761523,0.46860040112601453,0.4977493530193904,-1.0622042828459664
282,1.7148299599198398,0.4680613305368905,0.49711398134438106,-1.0620701795086676
283,1.720910881763527,0.4675057779075762,0.49645915841900673,-1.0619315993077512
284,1.7269918036072145,0.4669337716893068,0.4957849186265375,-1.0617885205279776
285,1.733072725450902,0.46634534078819534,0.4950912973768567,-1.0616409215970213
286,1.7391536472945892,0.4657405145618214,0.49437833110481244,-1.0614887810864684
287,1.7452345691382767,0.465119322815844,0.4936460572685077,-1.0613320777127944
288,1.751315490981964,0.46448179580065346,0.49289451434754117,-1.0611707903383192
289,1.7573964128256514,0.4638279642080479,0.49212374184118685,-1.0610048979721434
290,1.7634773346693386,0.46315785916794666,0.49133378026652214,-1.060834379771063
291,1.7695582565130261,0.46247151224513366,0.490524671156498,-1.0606592150404601
292,1.7756391783567136,0.4617689554360356,0.489696457057958,-1.0604793832351749
293,1.7817201002004008,0.4610502211655336,0.48884918152960144,-1.0602948639603558
294,1.7878010220440883,0.4603153422838101,0.4879828891398952,-1.0601056369722879
295,1.7938819438877756,0.45956435323992295,0.487097626271023,-1.0599116812193783
296,1.799962865731463,0.4587973348179757,0.4861934717699805,-1.0597129383126735
297,1.8060437875751503,0.4580144274483278,0.4852705460907002,-1.0595093014738
298,1.8121247094188377,0.45721577491221405,0.4843289727396579,-1.059300661340151
299,1.8182056312625252,0.4564015202662908,0.4833688754825817,-1.0590869092647994
300,1.8242865531062125,0.45557180537080233,0.4823903779117373,-1.0588679374464505
301,1.8303674749499,0.45472674944431113,0.48139358342061334,-1.0586436448018284
302,1.8364483967935872,0.4538664393003906,0.4803785661307281,-1.058413939729063
303,1.8425293186372746,0.45299095868820966,0.4793453983434818,-1.0581787321574594
304,1.848610240480962,0.4521003907768326,0.4782941528715935,-1.057937932877591
305,1.8546911623246494,0.45119481813834067,0.4772249030321757,-1.0576914535526734
306,1.8607720841683368,0.45027432273112666,0.4761377226398426,-1.0574392067303375
307,1.866853006012024,0.44933898588337146,0.4750326859998553,-1.0571811058547962
308,1.8729339278557116,0.44838888827670215,0.47390986790130085,-1.056917065279391
309,1.8790148496993988,0.44742410993004283,0.4727693436103115,-1.0566470002795145
310,1.8850957715430863,0.4464447301836583,0.4716111888633198,-1.0563708270658914
311,1.8911766933867735,0.4454508276834024,0.47043547986035755,-1.0560884627982163
312,1.897257615230461,0.44444248036517214,0.46924229325839456,-1.0557998255991323
313,1.9033385370741485,0.4434197654395755,0.46803170616471956,-1.0555048345685392
314,1.9094194589178357,0.44238275937681937,0.4668037961303694,-1.0552034097982292
315,1.9155003807615232,0.44133153789182267,0.46555864114359696,-1.054895472386822
316,1.9215813026052104,0.44026617592956474,0.46429631962339757,-1.0545809444550136
317,1.927662224448898,0.43918674765066895,0.46301691041307436,-1.0542597491611019
318,1.9337431462925851,0.4380933264172367,0.4617204927738607,-1.0539318107167917
319,1.9398240681362726,0.4369859847789302,0.46040714637859176,-1.0535970544032671
320,1.9459049899799599,0.43586476957882886,0.45907692927678784,-1.0532554161704526
321,1.9519859118236473,0.4347296047472363,0.4577297918150611,-1.0529068800851458
322,1.9580668336673348,0.4335803778419176,0.45636565322255884,-1.0525514450032347
323,1.964147755511022,0.43241697818947117,0.45498443538094224,-1.05218910988639
324,1.9702286773547095,0.4312392969470656,0.4535860628865176,-1.0518198737862126
325,1.9763095991983968,0.4300472271534134,0.45217046310257186,-1.0514437358324515
326,1.9823905210420842,0.42884066377959146,0.4507375662112989,-1.0510606952212014
327,1.9884714428857715,0.4276195037796995,0.4492873052653081,-1.0506707512030868
328,1.994552364729459,0.4263836461413497,0.4478196162386967,-1.0502739030714157
329,2.000633286573146,0.4251329919359689,0.4463344380776767,-1.0498701501503347
330,2.0067142084168337,0.4238674443689018,0.4448317127507304,-1.0494594917829616
331,2.012795130260521,0.422586908829305,0.44331138529828873,-1.0490419273195113
332,2.0188760521042086,0.4212912929398181,0.44177340388191144,-1.0486174561054107
333,2.0249569739478956,0.4199805066059954,0.4402177198329537,-1.0481860774694094
334,2.031037895791583,0.4186544620654907,0.43864428770070546,-1.047747790711682
335,2.0371188176352706,0.41731307393697437,0.43705306529998333,-1.047302595091929
336,2.043199739478958,0.4159562592687753,0.43544401375816,-1.0468504898174702
337,2.0492806613226455,0.4145839375872279,0.4338170975616169,-1.0463914740313411
338,2.0553615831663326,0.4131960309447132,0.43217228460159846,-1.0459255468003863
339,2.06144250501002,0.41179246396737723,0.4305095462194536,-1.0454527071033508
340,2.0675234268537075,0.4103731639025132,0.4288288572512482,-1.0449729538189765
341,2.073604348697395,0.4089380663603013,0.42713020016772424,-1.0444862811851672
342,2.0796852705410824,0.4074872916242646,0.42541368971639065,-1.0439925329221202
343,2.0857661923847695,0.40602118492227485,0.423679600555805,-1.0434913652028046
344,2.091847114228457,0.4045401016038663,0.4219282161130375,-1.0429824248331208
345,2.0979280360721444,0.40304439212972815,0.42015981808576086,-1.0424653618565267
346,2.104008957915832,0.4015344019705562,0.4183746863753415,-1.041939829618933
347,2.110089879759519,0.40001047150770314,0.416573099020738,-1.0414054848379537
348,2.1161708016032064,0.3984729359356431,0.4147553321332231,-1.040861987676397
349,2.122251723446894,0.39692212516626285,0.41292165983192947,-1.0403090018198524
350,2.1283326452905813,0.3953583637349879,0.41107235418023363,-1.039746194558259
351,2.1344135671342688,0.39378197070875914,0.40920768512298,-1.0391732368712983
352,2.140494488977956,0.3921932595958668,0.40732792042455707,-1.0385898035174945
353,2.1465754108216433,0.3905925382576523,0.4054333256078265,-1.0379955731268593
354,2.1526563326653307,0.3889801088220885,0.4035241638939177,-1.0373902282969472
355,2.158737254509018,0.38735626759924524,0.4016006961428889,-1.036773455692166
356,2.1648181763527057,0.38572130499864704,0.3996631807952625,-1.0361449461461931
357,2.1708990981963927,0.3840755054485305,0.39771187381443573,-1.035504394767327
358,2.17698002004008,0.382419147317008,0.395747028629978,-1.03485150104663
359,2.1830609418837676,0.3807525028351396,0.3937688960818085,-1.0341859689686788
360,2.189141863727455,0.3790758322532035,0.3917777194670373,-1.0335075099310198
361,2.195222785571142,0.37738920074659593,0.3897735790666839,-1.0328159319227677
362,2.2013037074148296,0.3756924455058853,0.38775636413450776,-1.0321111557417075
363,2.207384629258517,0.37398539361280525,0.38572595787024666,-1.031393109083818
364,2.2134655511022046,0.37226787575878234,0.38368224907839044,-1.0306617198605776
365,2.219546472945892,0.3705397263076115,0.3816251322320851,-1.0299169161561663
366,2.225627394789579,0.368800783356761,0.3795545075351944,-1.0291586261844534
367,2.2317083166332665,0.3670508887972878,0.377470280982495,-1.0283867782457858
368,2.237789238476954,0.3652898883723462,0.3753723644179871,-1.027601300683592
369,2.2438701603206415,0.3635176317342647,0.37326067559129633,-1.0268021218408296
370,2.249951082164329,0.36173397250017564,0.37113513821215044,-1.0259891700162893
371,2.256032004008016,0.35993876830617444,0.3689956820029021,-1.025162373420758
372,2.2621129258517034,0.3581318808599862,0.36684224274908395,-1.0243216601330813
373,2.268193847695391,0.35631317599211976,0.3646747623479664,-1.0234669580561107
374,2.2742747695390784,0.3544825237054861,0.36249318885510295,-1.0225981948725695
375,2.2803556913827654,0.352639798223456,0.36029747652883143,-1.0217152980008315
376,2.286436613226453,0.35078487803633507,0.3580875858727162,-1.020818194550635
377,2.2925175350701403,0.34891768115659494,0.3558635062973944,-1.0199067731900986
378,2.298598456913828,0.34703844608792944,0.3536254366672067,-1.0189805788192363
379,2.3046793787575153,0.3451475737640878,0.35137368382305856,-1.0180389796488223
380,2.3107603006012023,0.3432454567552876,0.3491085528734714,-1.0170813509772507
381,2.3168412224448898,0.34133247757911994,0.34683034611094876,-1.0161070770962732
382,2.3229221442885772,0.33940900860485484,0.3445393629508657,-1.0151155514908081
383,2.3290030661322647,0.337475411960503,0.3422358998710256,-1.0141061770481807
384,2.335083987975952,0.33553203944260807,0.3399202503518598,-1.0130783662762624
385,2.341164909819639,0.33357923242873816,0.33759270481725623,-1.0120315415300185
386,2.3472458316633267,0.33161732179265035,0.3352535505759902,-1.0109651352459008
387,2.353326753507014,0.3296466279117035,0.3329030718886064,-1.0098785902878251
388,2.3594076753507016,0.32766746642358485,0.3305415580362856,-1.008771367032775
389,2.3654885971943886,0.32568015154308266,0.3281693079561483,-1.0076429478470577
390,2.371569519038076,0.323684987106071,0.3257866177848653,-1.0064928271699718
391,2.3776504408817636,0.32168226561837027,0.323393779574143,-1.005320510760774
392,2.383731362725451,0.3196722214634868,0.320991032504933,-1.0041255102974183
393,2.3898122845691385,0.31765491680679603,0.31857844388567813,-1.0029073281413863
394,2.3958932064128255,0.3156303738037551,0.3161560470022894,-1.0016654708867188
395,2.401974128256513,0.31359861091524704,0.31372387899735116,-1.0003994535617953
396,2.4080550501002005,0.31155964289949994,0.31128198087146014,-0.9991087997615616
397,2.414135971943888,0.309513480803557,0.30883039748219454,-0.9977930417777311
398,2.420216893787575,0.30746013195420396,0.3063691775406561,-0.996451720726802
399,2.4262978156312625,0.30539959994825444,0.30389837360553423,-0.9950843866757698
400,2.43237873747495,0.3033318846420859,0.30141804207462675,-0.9936905987653841
401,2.4384596593186374,0.3012569821403061,0.29892824317375527,-0.9922699253308385
402,2.444540581162325,0.2991748847834328,0.29642904094300004,-0.9908219440197314
403,2.450621503006012,0.29708558113445166,0.29392050322018476,-0.9893462419071948
404,2.4567024248496994,0.29498905608763015,0.291402701680311,-0.987842415393696
405,2.462783346693387,0.2928854149514174,0.28887577087881994,-0.9863098540660942
406,2.4688642685370743,0.29077510951058,0.28634001585388463,-0.9847473407742487
407,2.4749451903807618,0.28865863295227523,0.2837957669372371,-0.9831535749847395
408,2.481026112224449,0.2865364544238678,0.2812433485847249,-0.9815272864676655
409,2.4871070340681363,0.2844090189197086,0.278683079294551,-0.9798672361133031
410,2.4931879559118237,0.2822767471713849,0.27611527152492477,-0.9781722167759033
411,2.499268877755511,0.28014003554112016,0.2735402316109333,-0.9764410541412312
412,2.5053497995991982,0.2779992559179843,0.2709582596804467,-0.9746726076144072
413,2.5114307214428857,0.2758547556165452,0.26836964956884024,-0.9728657712245146
414,2.517511643286573,0.2737068572775651,0.26577468873231075,-0.971019474542392
415,2.5235925651302606,0.2715558587703124,0.26317365815953514,-0.969132683607953
416,2.529673486973948,0.2694020063203971,0.26056680559857753,-0.9672043989482693
417,2.535754408817635,0.26724527090280975,0.25795412270910256,-0.9652336291590128
418,2.5418353306613226,0.26508547276586675,0.2553354691027871,-0.9632193965163409
419,2.54791625250501,0.26292242313834985,0.2527107135482374,-0.9611607505049539
420,2.5539971743486976,0.2607559256728394,0.25007973541144407,-0.959056768378908
421,2.560078096192385,0.258585776393914,0.24744242460433272,-0.9569065555539057
422,2.566159018036072,0.2564117636394563,0.2447986815247222,-0.9547092459803702
423,2.5722399398797595,0.2542336679943766,0.24214841698733783,-0.9524640024966872
424,2.578320861723447,0.2520512622160075,0.23949155214550094,-0.950170017162053
425,2.5844017835671345,0.2498643111503497,0.23682801840307183,-0.9478265115683784
426,2.5904827054108215,0.24767262050172714,0.23415777748329028,-0.9454326320323219
427,2.596563627254509,0.24547648141208242,0.23148100486545534,-0.9429864870715137
428,2.6026445490981964,0.24327643878905844,0.22879799413674135,-0.9404856272790513
429,2.608725470941884,0.24107299307109528,0.2261090338326093,-0.9379276830313674
430,2.6148063927855714,0.2388665962065645,0.22341440568737103,-0.9353103750604338
431,2.6208873146292584,0.2366576514312345,0.22071438444577499,-0.9326315169231191
432,2.626968236472946,0.23444651303598624,0.2180092376638239,-0.9298890175020889
433,2.6330491583166333,0.23223348612261058,0.21529922549773373,-0.9270808835210949
434,2.639130080160321,0.23001882634528584,0.21258460047981204,-0.9242052220573331
435,2.6452110020040083,0.22780276983464634,0.20986559235644753,-0.9212600553925716
436,2.6512919238476953,0.22558567327043075,0.2071423384623802,-0.9182424373823563
437,2.6573728456913828,0.22336789305135868,0.20441494298711205,-0.9151491747299205
438,2.6634537675350702,0.22114972085397064,0.20168350835639565,-0.9119772232928618
439,2.6695346893787577,0.21893138316258476,0.19894813496802294,-0.9087236927575537
440,2.6756156112224447,0.216713040847047,0.19620892086301148,-0.9053858507827083
441,2.681696533066132,0.21449478870218694,0.19346596136980088,-0.9019611270762232
442,2.6877774549098197,0.21227665503972612,0.19071934869003407,-0.8984471168265877
443,2.693858376753507,0.21005869445173866,0.18796914366327505,-0.8948410545627821
444,2.6999392985971946,0.2078411525687582,0.18521532600937485,-0.8911388515712823
445,2.7060202204408816,0.2056242316271118,0.182457863503316,-0.8873363905582552
446,2.712101142284569,0.2034080404217683,0.17969672613197185,-0.8834298081795054
447,2.7181820641282566,0.2011925934541492,0.17693188551367703,-0.8794155017142763
448,2.724262985971944,0.19897780998416723,0.17416331426348686,-0.8752901355047839
449,2.7303439078156315,0.19676351672132927,0.17139098562711252,-0.8710506321649497
450,2.7364248296593185,0.19454979665369995,0.1686149034259537,-0.8666927764827709
451,2.742505751503006,0.19233724248360382,0.16583512357893512,-0.8622101546094074
452,2.7485866733466935,0.19012634616162088,0.1630516997640846,-0.8575965564787065
453,2.754667595190381,0.18791742694767627,0.16026467624092283,-0.8528462678745965
454,2.760748517034068,0.1857106294712964,0.15747408672761584,-0.8479540841357989
455,2.7668294388777555,0.18350592493951323,0.1546799529921683,-0.8429153066482923
456,2.772910360721443,0.18130348589593653,0.15188226488043446,-0.8377239087813839
457,2.7789912825651304,0.17910398876330366,0.1490809637313773,-0.8323709860442945
458,2.785072204408818,0.17690792173645672,0.14627597463460099,-0.8268480755345214
459,2.791153126252505,0.17471549607688147,0.143467208728285,-0.8211475910823272
460,2.7972340480961924,0.1725266418118871,0.14065456108641344,-0.815262846417511
461,2.80331496993988,0.17034126365456226,0.13783790222957154,-0.8091868010859377
462,2.8093958917835673,0.16816011326276187,0.1350170548606303,-0.8029077302633398
463,2.8154768136272548,0.16598384859423038,0.13219181277467762,-0.796413710696865
464,2.821557735470942,0.163812676701431,0.12936194566608003,-0.7896943525430471
465,2.8276386573146293,0.1616463561278228,0.12652719525129769,-0.7827407822991418
466,2.8337195791583167,0.1594850889765826,0.12368726837505022,-0.7755412695240205
467,2.839800501002004,0.15733005088823804,0.1208418304948987,-0.7680785063798184
468,2.8458814228456912,0.15518184100239354,0.11799050421961327,-0.7603370565618781
469,2.8519623446893787,0.15304030537839405,0.11513286309443935,-0.7523041907801472
470,2.858043266533066,0.1509055482538092,0.11226840974741599,-0.7439647583970266
471,2.8641241883767536,0.14877909539088027,0.10939655064418614,-0.735295172730912
472,2.870205110220441,0.14666161138964834,0.10651661670475898,-0.7262746924399136
473,2.876286032064128,0.14455268697329027,0.10362785437792801,-0.7168863931050681
474,2.8823669539078156,0.1424534603363694,0.10072938700598905,-0.7071038272298964
475,2.888447875751503,0.14036566511303067,0.09782020593036897,-0.6968955396007878
476,2.8945287975951906,0.13828915099381334,0.09489917175952181,-0.6862372867107076
477,2.900609719438878,0.13622488426715906,0.09196495035357152,-0.6750965570520387
478,2.906690641282565,0.13417534914347978,0.08901597660812893,-0.6634301842802742
479,2.9127715631262525,0.13214038223142796,0.0860504681543551,-0.6512049284347314
480,2.91885248496994,0.13012232828892484,0.08306629706664093,-0.6383708173604129
481,2.9249334068136275,0.12812347268247223,0.08006097026755415,-0.6248735582274519
482,2.9310143286573145,0.12614454086788998,0.0770315612507872,-0.6106610775290041
483,2.937095250501002,0.12419010905348654,0.07397450589299043,-0.5956553743030444
484,2.9431761723446894,0.1222611003714505,0.07088560678246779,-0.5797887191192045
485,2.949257094188377,0.1203635058011466,0.06775964106298875,-0.5629583536303349
486,2.9553380160320644,0.11849986439387934,0.06459030732653288,-0.5450665083619205
487,2.9614189378757514,0.11667756437388573,0.061369633908235036,-0.5259763026212992
488,2.967499859719439,0.11490348637605825,0.058087593120913474,-0.5055337740649863
489,2.9735807815631263,0.1131862327361863,0.05473129943133147,-0.4835508533877862
490,2.979661703406814,0.11153912435651789,0.05128372111843338,-0.4597823536296802
491,2.9857426252505013,0.1099789036025366,0.047721943217779186,-0.43391906678981024
492,2.9918235470941883,0.10852884324433254,0.04401414058061184,-0.4055524712589276
493,2.9979044689378758,0.10722329290346734,0.0401143748098622,-0.3741199670670159
494,3.0039853907815632,0.10611471647030689,0.03595303609282708,-0.338812911994987
495,3.0100663126252507,0.10529004686697895,0.031417266415820676,-0.2983878092058648
496,3.0161472344689377,0.10491476188264798,0.026305402834330575,-0.2507311875115762
497,3.022228156312625,0.10537852796558989,0.02019598037253523,-0.19165176020612082
498,3.0283090781563127,0.10808660868396483,0.011853761224202125,-0.10966910118219564
499,3.03439,0.0,-0.0,0.0
