,Energy,dG/de1,dH/de1,alpha
0,1e-05,0.28562100239132976,-0.08172169687746303,0.2861193546456924
1,0.005075110220440881,0.17060522708838596,0.01323316857040733,-0.0775660206680044
2,0.010140220440881762,0.16582244630014975,0.026532136901510323,-0.16000328962392327
3,0.015205330661322642,0.16446497860095058,0.03595254301717254,-0.21860303222612487
4,0.020270440881763524,0.16433764358578312,0.04367447812001506,-0.2657606447741067
5,0.025335551102204406,0.1648402646778131,0.050411756244082784,-0.3058218593777108
6,0.030400661322645284,0.1657248680895061,0.056496403068370615,-0.3409048003457004
7,0.03546577154308617,0.1668671885198077,0.06211394231847923,-0.372235805429814
8,0.04053088176352705,0.16819634471078757,0.067380288960675,-0.40060495414769526
9,0.04559599198396793,0.1696687816610368,0.0723731333337653,-0.4265553900089404
10,0.050661102204408816,0.17125442254056852,0.07714732932709381,-0.45048371996827324
11,0.055726212424849694,0.1729320576052382,0.08174301295442478,-0.4726886043363006
12,0.06079132264529057,0.17468713167657557,0.08619035384701075,-0.4933984147532278
13,0.06585643286573145,0.17650745161496656,0.09051273172510323,-0.5127983600519469
14,0.07092154308617234,0.17838189371252872,0.09472864594567365,-0.5310440649224947
15,0.07598665330661321,0.18030581253620778,0.09885263278570255,-0.548249839510036
16,0.0810517635270541,0.18227021719848424,0.10289684036049633,-0.5645290928053606
17,0.08611687374749498,0.18427282954341373,0.10687093295049722,-0.5799603404110044
18,0.09118198396793585,0.1863066738798434,0.11078325227535919,-0.5946284691165048
19,0.09624709418837674,0.1883711671061099,0.11464049242393883,-0.6085883215840648
20,0.10131220440881762,0.19046020900167324,0.11844861716330769,-0.6219074198446726
21,0.1063773146292585,0.19257371713181665,0.12221245125451463,-0.6346268487452016
22,0.11144242484969938,0.19470839906684675,0.12593628032025886,-0.6467942878880266
23,0.11650753507014026,0.1968613974401719,0.12962381247830929,-0.6584521605750728
24,0.12157264529058114,0.19903309971648664,0.13327813283659495,-0.6696279816093074
25,0.12663775551102205,0.2012202415615153,0.1369020782365547,-0.6803593772384087
26,0.13170286573146292,0.2034212941634972,0.14049808583637485,-0.6906754104290151
27,0.1367679759519038,0.20563669612296523,0.14406822695499447,-0.7005959037041012
28,0.1418330861723447,0.20786436236737174,0.14761441461380082,-0.7101477758506415
29,0.14689819639278556,0.21010224203308905,0.15113835168156772,-0.719356205907431
30,0.15196330661322643,0.21235095474980806,0.15464147088848976,-0.7282353454482386
31,0.15702841683366733,0.21460991654601422,0.15812507967912418,-0.7368022979740584
32,0.1620935270541082,0.21687706864650574,0.16159038747864535,-0.7450782532570386
33,0.16715863727454908,0.21915165774073297,0.1650384475865028,-0.7530787094558566
34,0.17222374749498998,0.22143415881187023,0.16847017198054,-0.7608138368736133
35,0.17728885771543085,0.22372409192182469,0.17188639963094549,-0.7682963339102848
36,0.18235396793587172,0.22602000195309851,0.17528790674657033,-0.775541568143798
37,0.18741907815631262,0.22832092521066538,0.17867538408457834,-0.7825624564183923
38,0.1924841883767535,0.23062727393848906,0.18204942550879522,-0.7893664196774484
39,0.19754929859719436,0.23293899186457723,0.18541057318298704,-0.7959619456530421
40,0.20261440881763526,0.23525540051504787,0.18875932637181572,-0.8023591635242479
41,0.20767951903807613,0.2375752962664022,0.19209614464186356,-0.8085695257913469
42,0.212744629258517,0.23989828783257347,0.19542142927012182,-0.814601183842161
43,0.2178097394789579,0.2422246706835599,0.19873552923360158,-0.8204594877671558
44,0.22287484969939877,0.2445543831785925,0.202038762504288,-0.8261506495131747
45,0.22793995991983965,0.2468869813910644,0.20533141953385872,-0.8316818423431471
46,0.23300507014028055,0.24922164697838778,0.20861376585946387,-0.8370611798322424
47,0.23807018036072142,0.25155766993864453,0.21188603801317876,-0.8422960749511562
48,0.2431352905811623,0.2538952060983305,0.2151484354768649,-0.8473906962762446
49,0.2482004008016032,0.25623434317750193,0.21840113528944385,-0.8523491916856368
50,0.2532655110220441,0.2585749315140305,0.22164429612392447,-0.8571762731450162
51,0.25833062124248496,0.2609165875434736,0.22487805986010706,-0.8618772074912185
52,0.26339573146292583,0.2632586969407977,0.22810255301198312,-0.8664578061908413
53,0.2684608416833667,0.26560064694907887,0.23131788499253245,-0.8709236504114422
54,0.2735259519038076,0.2679424725104878,0.23452414079179226,-0.8752779602069714
55,0.27859106212424845,0.2702842497415528,0.23772139010568755,-0.8795236508712512
56,0.2836561723446894,0.2726259081773957,0.24090969083222735,-0.8836639644514973
57,0.28872128256513024,0.27496723255041094,0.24408908997636164,-0.887702464444056
58,0.2937863927855711,0.27730786441434724,0.24725962447952526,-0.8916430300370978
59,0.298851503006012,0.27964730367676316,0.2504213219807871,-0.8954898498511625
60,0.30391661322645286,0.2819850891679341,0.2535741997430277,-0.8992468378071349
61,0.30898172344689373,0.2843212238105548,0.2567182611020471,-0.9029162777981719
62,0.31404683366733466,0.28665573568015285,0.2598535004192218,-0.9065002652141707
63,0.31911194388777553,0.2889885625893661,0.26297990478358707,-0.9100010824901203
64,0.3241770541082164,0.291319552980507,0.2660974545199956,-0.9134211960630083
65,0.32924216432865727,0.2936484667522083,0.26920612365936625,-0.9167632531401316
66,0.33430727454909814,0.29597497602776013,0.27230588037436154,-0.9200300783158823
67,0.33937238476953907,0.2982986664296676,0.27539668737684364,-0.9232246683267564
68,0.34443749498997994,0.30061920190156005,0.2784785003378922,-0.92634967618962
69,0.3495026052104208,0.30293656558967,0.2815512653759886,-0.929406672409933
70,0.3545677154308617,0.3052507404305117,0.2846149231945717,-0.9323971591130747
71,0.35963282565130256,0.30756165376934896,0.2876694100509957,-0.9353227443195141
72,0.36469793587174343,0.30986917781063367,0.29071465803959523,-0.9381851402376519
73,0.36976304609218436,0.31217313004209557,0.2937505953559749,-0.9409861614814945
74,0.3748281563126252,0.3144732736356566,0.2967771465440089,-0.943727723227284
75,0.3798932665330661,0.3167693178280702,0.2997942327269021,-0.9464118393234615
76,0.38495837675350697,0.3190609191277083,0.3028017718093691,-0.9490406178143327
77,0.39002348697394784,0.3213478092242071,0.30579967653793033,-0.9516158746380975
78,0.3950885971943887,0.3236299393372354,0.30878785227345423,-0.9541387082598836
79,0.40015370741482964,0.3259072579522768,0.31176620090956236,-0.9566101806643865
80,0.4052188176352705,0.32817967922739355,0.3147346215765891,-0.9590314132719703
81,0.4102839278557114,0.33044708322810984,0.31769301080076295,-0.961403586006106
82,0.41534903807615225,0.33270931615276067,0.3206412626541765,-0.9637279363315355
83,0.4204141482965931,0.3349661905496417,0.3235792688962047,-0.9660057582684618
84,0.425479258517034,0.33721748552718234,0.3265069191069802,-0.9682384013881784
85,0.4305443687374749,0.33946294695828216,0.32942410081347845,-0.9704272697955532
86,0.4356094789579158,0.34170228770814093,0.33233069960808787,-0.9725738210214804
87,0.44067458917835667,0.3439352501638233,0.3352265978442317,-0.9746793842287363
88,0.44573969939879754,0.3461617427696783,0.33811167164433265,-0.976744769479908
89,0.4508048096192384,0.3483816896979318,0.3409857944246774,-0.9787707118601235
90,0.4558699198396793,0.35059499387427434,0.34384883783672754,-0.9807579795621212
91,0.4609350300601202,0.35280153710813456,0.3467006718598255,-0.9827073733909523
92,0.4660001402805611,0.35500118022019844,0.3495411648894266,-0.9846197262572899
93,0.47106525050100195,0.35719376316773743,0.35237018382115887,-0.9864959026613423
94,0.4761303607214428,0.3593791051682737,0.3551875941309768,-0.9883367981693474
95,0.4811954709418837,0.3615570048220746,0.3579932599516648,-0.9901433388846566
96,0.48626058116232457,0.36372724023393527,0.3607870441459268,-0.9919164809154315
97,0.4913256913827655,0.36588956913467524,0.3635688083762748,-0.9936572098409665
98,0.49639080160320637,0.3680437356778456,0.36633841311240256,-0.9953665219642925
99,0.5014559118236472,0.37018957350574977,0.3690957167775012,-0.9970451444164415
100,0.5065210220440881,0.37232698970303285,0.3718405759544577,-0.9986935845049452
101,0.511586132264529,0.37445588081237413,0.3745728461950485,-1.000312360917982
102,0.5166512424849699,0.37657613038166526,0.3772923820996338,-1.0019020104042244
103,0.5217163527054107,0.3786876090420876,0.3799990373721208,-1.0034630875125556
104,0.5267814629258516,0.3807901745861755,0.3826926648728969,-1.0049961643280028
105,0.5318465731462925,0.3828836720460931,0.38537311666985397,-1.006501830204609
106,0.5369116833667333,0.38496793377234223,0.3880402440876217,-1.0079806914959737
107,0.5419767935871742,0.38704277951310206,0.39069389775511393,-1.0094333712841896
108,0.5470419038076151,0.38910801649439325,0.39333392765148956,-1.0108605091079053
109,0.552107014028056,0.39116343950124705,0.3959601831506185,-1.012262760690231
110,0.5571721242484968,0.3932088309600447,0.398572513064145,-1.013640797667246
111,0.5622372344689378,0.39524396476855866,0.40117076580367744,-1.0149952980018033
112,0.5673023446893787,0.3972686894213057,0.4037548040203714,-1.016326770198059
113,0.5723674549098196,0.399282948911821,0.40632452866166135,-1.0176355633743714
114,0.5774325651302604,0.4012866895409457,0.4088798482234768,-1.0189220297618575
115,0.5824976753507013,0.40327985095655294,0.4114206723223569,-1.0201865313788787
116,0.5875627855711422,0.40526236619120454,0.41394691171144793,-1.021429439900536
117,0.592627895791583,0.40723416170027094,0.41645847829530763,-1.0226511365267679
118,0.5976930060120239,0.40919515740057283,0.418955285143567,-1.0238520118492989
119,0.6027581162324648,0.411145266709605,0.4214372465035105,-1.0250324657177066
120,0.6078232264529057,0.4130843965853898,0.4239042778116136,-1.0261929071048492
121,0.6128883366733465,0.4150124475670098,0.4263562957040888,-1.0273337539719152
122,0.6179534468937874,0.41692931381586273,0.4287932180264815,-1.0284554331333453
123,0.6230185571142284,0.4188348831576796,0.4312149638423591,-1.029558380121884
124,0.6280836673346692,0.4207290371253389,0.43362145344112635,-1.0306430390540093
125,0.6331487775551101,0.42261165100251413,0.4360126083450116,-1.0317098624960004
126,0.638213887775551,0.4244825998595809,0.4383883497602183,-1.032759293090547
127,0.6432789979959919,0.4263418062568416,0.44074858621508356,-1.0337916191816359
128,0.6483441082164327,0.4281892162572063,0.4430932198085317,-1.0348070502139242
129,0.6534092184368736,0.4300247722236933,0.44542215328849016,-1.0358058001755939
130,0.6584743286573145,0.4318484126012311,0.447735290124772,-1.0367880882734906
131,0.6635394388777553,0.43366007194084816,0.45003253451864644,-1.0377541388685456
132,0.6686045490981962,0.43545968092438475,0.45231379141191247,-1.038704181410665
133,0.6736696593186371,0.43724716638974076,0.45457896649549656,-1.0396384503731857
134,0.6787347695390781,0.43902245135668316,0.4568279662175992,-1.0405571851869826
135,0.683799879759519,0.44078545505322103,0.45906069779140446,-1.0414606301743257
136,0.6888649899799598,0.44253609294257074,0.46127706920237843,-1.042349034482572
137,0.6939301002004007,0.4442742767507184,0.46347698921517094,-1.043222652017792
138,0.6989952104208416,0.44599991449459525,0.46566036738014077,-1.044081741378414
139,0.7040603206412824,0.447712910510871,0.4678271140395167,-1.0449265657889875
140,0.7091254308617233,0.44941316548538307,0.46997714033321464,-1.0457573930341397
141,0.7141905410821642,0.45110057648319707,0.4721103582043223,-1.0465744953928424
142,0.719255651302605,0.4527750369793202,0.47422668040426846,-1.0473781495730474
143,0.7243207615230459,0.45443644682724177,0.4763260235973755,-1.048168620547408
144,0.7293858717434868,0.4560847459047876,0.4784083188477071,-1.0489461073700979
145,0.7344509819639277,0.45771988349683024,0.480473502057361,-1.0497107933933316
146,0.7395160921843686,0.4593418067362202,0.4825215103533438,-1.0504628650760601
147,0.7445812024048095,0.46095046061845235,0.4845522820849325,-1.0512025119463246
148,0.7496463126252504,0.4625457880169428,0.48656575682077235,-1.0519299265631832
149,0.7547114228456913,0.4641277296986874,0.48856187534564394,-1.0526453044786168
150,0.7597765330661321,0.46569622434032765,0.4905405796569225,-1.0533488441994299
151,0.764841643286573,0.4672512085446116,0.49250181296072687,-1.0540407471491953
152,0.7699067535070139,0.4687926168572621,0.49444551966778255,-1.0547212176302923
153,0.7749718637274547,0.47032038178424945,0.49637164538899387,-1.0553904627860566
154,0.7800369739478956,0.4718344338094778,0.4982801369307454,-1.0560486925630912
155,0.7851020841683365,0.473334701412881,0.5001709422899365,-1.0566961196737756
156,0.7901671943887774,0.4748211110889322,0.5020440106487607,-1.0573329595590153
157,0.7952323046092182,0.47629358736887667,0.5038992923500469,-1.0579594303036257
158,0.8002974148296592,0.47775205313108043,0.5057367371684935,-1.0585757483489766
159,0.8053625250501001,0.4791964298257853,0.507556292887741,-1.0591821251094589
160,0.810427635270541,0.4806266369990025,0.5093579080233639,-1.0597787738186075
161,0.8154927454909818,0.48204259225600943,0.5111415321346333,-1.0603659102869682
162,0.8205578557114227,0.4834442196378142,0.512907112814354,-1.0609437283139154
163,0.8256229659318636,0.4848314797423164,0.5146545848633709,-1.0615123117354204
164,0.8306880761523044,0.4862043430337939,0.5163838798960682,-1.0620717138682092
165,0.8357531863727453,0.4875627790541381,0.5180949302228551,-1.062621989373243
166,0.8408182965931862,0.4889067564259699,0.5197876688512233,-1.0631631942479187
167,0.8458834068136271,0.4902362428568171,0.5214620294864417,-1.0636953858157416
168,0.8509485170340679,0.49155120514352973,0.5231179465321943,-1.064218622715913
169,0.8560136272545089,0.49285160917694215,0.5247553550911556,-1.064732964892805
170,0.8610787374749498,0.49413741994677857,0.5263741909655163,-1.0652384735853637
171,0.8661438476953907,0.49540860154680344,0.5279743906574572,-1.0657352113164251
172,0.8712089579158315,0.4966651171802209,0.5295558913695768,-1.0662232418819564
173,0.8762740681362724,0.4979069291653177,0.5311186310052781,-1.0667026303402443
174,0.8813391783567133,0.49913399894135657,0.5326625481691136,-1.0671734430010174
175,0.8864042885771541,0.5003462870747164,0.5341875821670963,-1.0676357474145228
176,0.891469398797595,0.5015437532652811,0.535693673006978,-1.068089612360567
177,0.8965345090180359,0.5027263563530744,0.5371807613984962,-1.0685351078375207
178,0.9015996192384768,0.5038940543251462,0.5386487887535943,-1.0689723050512956
179,0.9066647294589176,0.505046804322704,0.5400976971866186,-1.0694012764043124
180,0.9117298396793585,0.506184562648495,0.5415274295144941,-1.0698220954844526
181,0.9167949498997995,0.5073072847744317,0.5429379292568781,-1.070234837054014
182,0.9218600601202404,0.5084149253494695,0.5443291406363013,-1.0706395770386667
183,0.9269251703406812,0.5095074384872615,0.5457010088200303,-1.0710363924032753
184,0.9319902805611221,0.5105847888836246,0.5470534895255692,-1.071425356641905
185,0.937055390781563,0.5116469557095996,0.5483865523715806,-1.0718065381841804
186,0.9421205010020038,0.5126939187283575,0.5497001688596829,-1.0721800060026314
187,0.9471856112224447,0.5137256572657294,0.5509943114757202,-1.0725458300220991
188,0.9522507214428856,0.5147421502108899,0.5522689536817991,-1.0729040811123287
189,0.9573158316633265,0.5157433760172088,0.5535240699082586,-1.0732548310805436
190,0.9623809418837673,0.5167293127032818,0.5547596355455776,-1.073598152663992
191,0.9674460521042082,0.517699937854135,0.5559756269362167,-1.0739341195224676
192,0.9725111623246491,0.5186552286226024,0.5571720213664069,-1.0742628062308248
193,0.97757627254509,0.5195951617308796,0.5583487970578754,-1.0745842882714678
194,0.9826413827655309,0.5205197134722532,0.5595059331595243,-1.074898642026839
195,0.9877064929859718,0.5214288597130051,0.5606434097390566,-1.0752059447719007
196,0.9927716032064127,0.52232257589449,0.5617612077745516,-1.0755062746666118
197,0.9978367134268535,0.5232008370353908,0.5628593091460018,-1.0757997107484145
198,1.0029018236472946,0.5240636131789526,0.5639376928020872,-1.0760863349799459
199,1.0079669338677355,0.5249108463463699,0.5649963153816993,-1.0763662425997547
200,1.0130320440881764,0.5257424677127366,0.5660351255868528,-1.0766395342750434
201,1.0180971543086172,0.526558407906383,0.5670540728128075,-1.0769063114335917
202,1.0231622645290581,0.5273585970450747,0.5680531071684076,-1.077166676245262
203,1.028227374749499,0.5281429647544065,0.5690321794812745,-1.0774207316117181
204,1.0332924849699399,0.5289114401863865,0.5699912413029465,-1.0776685811562021
205,1.0383575951903807,0.5296639520382165,0.5709302449139811,-1.0779103292133938
206,1.0434227054108216,0.5304004285712667,0.571849143329011,-1.078146080819343
207,1.0484878156312625,0.5311207976302404,0.5727478903017538,-1.0783759417014838
208,1.0535529258517033,0.5318249919118292,0.5736264398384368,-1.0786000066983272
209,1.0586180360721442,0.5325129688090687,0.5744847443474839,-1.0788183161666134
210,1.063683146292585,0.5331846930784633,0.5753227562716083,-1.0790308944351934
211,1.068748256513026,0.5338401294674567,0.5761404287853278,-1.0792377661081205
212,1.0738133667334668,0.5344792427209865,0.5769377158011018,-1.0794389560649034
213,1.0788784769539077,0.5351019975892909,0.5777145719753245,-1.0796344894581018
214,1.0839435871743486,0.5357083588357711,0.5784709527142794,-1.079824391710897
215,1.0890086973947894,0.5362982912449058,0.5792068141800585,-1.08000868851465
216,1.0940738076152303,0.5368717596302243,0.5799221132964496,-1.080187405826443
217,1.0991389178356712,0.5374287288423288,0.5806168077547817,-1.0803605698666017
218,1.104204028056112,0.5379691637769776,0.5812908560197396,-1.0805282071162012
219,1.109269138276553,0.5384930293832138,0.5819442173351367,-1.0806903443145617
220,1.1143342484969938,0.5390002906715569,0.5825768517296546,-1.0808470084567197
221,1.1193993587174347,0.53949091272224,0.583188720022541,-1.0809982267908913
222,1.1244644689378758,0.5399648606935062,0.5837797838292733,-1.0811440268159176
223,1.1295295791583166,0.5404220998299539,0.5843500055671816,-1.0812844362786973
224,1.1345946893787575,0.5408625954709386,0.5848993484610328,-1.0814194831716002
225,1.1396597995991984,0.5412863130590225,0.5854277765485764,-1.0815491957298773
226,1.1447249098196393,0.5416932181484816,0.5859352546860489,-1.0816736024290419
227,1.1497900200400801,0.5420832764138611,0.5864217485536423,-1.0817927319822542
228,1.154855130260521,0.5424564536585823,0.5868872246609251,-1.0819066133376805
229,1.1599202404809619,0.5428127158236022,0.5873316503522316,-1.0820152756758497
230,1.1649853507014027,0.5431520289961234,0.5877549938119998,-1.0821187484069856
231,1.1700504609218436,0.5434743594183536,0.588157224070078,-1.0822170611683422
232,1.1751155711422845,0.5437796734963147,0.5885383110069798,-1.0823102438215144
233,1.1801806813627254,0.544067937963297,0.5888982254656291,-1.0823983263379808
234,1.1852457915831662,0.5443391460581779,0.5892369572943399,-1.0824813198927337
235,1.190310901803607,0.5445933469146493,0.5895545356213264,-1.0825591957033651
236,1.195376012024048,0.5448305812360908,0.5898509821745849,-1.0826319272247042
237,1.2004411222444888,0.5450508565053203,0.5901262915147591,-1.082699503122419
238,1.2055062324649297,0.5452541757609223,0.5903804552933547,-1.0827619146051601
239,1.2105713426853706,0.545440541813741,0.5906134658064235,-1.082819153564328
240,1.2156364529058115,0.5456099572454278,0.5908253159939959,-1.0828712125725175
241,1.2207015631262523,0.5457624244071183,0.5910159994395645,-1.0829180848820927
242,1.2257666733466932,0.5458979454182283,0.5911855103696088,-1.0829597644238875
243,1.230831783567134,0.5460165221653798,0.5913338436531755,-1.0829962458060378
244,1.235896893787575,0.5461181563014439,0.5914609948015008,-1.0830275243129415
245,1.240962004008016,0.5462028492447103,0.5915669599676823,-1.0830535959043448
246,1.246027114228457,0.5462706021781707,0.5916517359463962,-1.0830744572145656
247,1.2510922244488978,0.5463214160489297,0.5917153201736667,-1.0830901055518414
248,1.2561573346693387,0.546355291567729,0.5917577107266736,-1.083100538897803
249,1.2612224448897795,0.5463722292085923,0.5917789063236157,-1.083105755907093
250,1.2662875551102204,0.5463722292085923,0.5917789063236157,-1.083105755907093
251,1.2713526653306613,0.5463552915677289,0.5917577107266736,-1.0831005388978032
252,1.2764177755511021,0.5463214160489295,0.5917153201736667,-1.0830901055518418
253,1.281482885771543,0.5462706021781707,0.5916517359463963,-1.0830744572145659
254,1.2865479959919839,0.5462028492447102,0.5915669599676824,-1.0830535959043452
255,1.2916131062124248,0.5461181563014441,0.5914609948015008,-1.083027524312941
256,1.2966782164328656,0.5460165221653798,0.5913338436531755,-1.0829962458060378
257,1.3017433266533065,0.5458979454182283,0.591185510369609,-1.082959764423888
258,1.3068084368737474,0.5457624244071184,0.5910159994395646,-1.0829180848820927
259,1.3118735470941882,0.5456099572454279,0.5908253159939959,-1.0828712125725173
260,1.3169386573146291,0.5454405418137411,0.5906134658064235,-1.0828191535643277
261,1.32200376753507,0.5452541757609224,0.5903804552933549,-1.0827619146051604
262,1.3270688777555109,0.5450508565053204,0.5901262915147595,-1.0826995031224194
263,1.3321339879759517,0.5448305812360912,0.5898509821745852,-1.0826319272247042
264,1.3371990981963926,0.5445933469146494,0.5895545356213265,-1.082559195703365
265,1.3422642084168335,0.5443391460581779,0.5892369572943401,-1.0824813198927339
266,1.3473293186372743,0.5440679379632971,0.5888982254656293,-1.082398326337981
267,1.3523944288577152,0.5437796734963148,0.5885383110069801,-1.0823102438215144
268,1.3574595390781563,0.5434743594183536,0.588157224070078,-1.0822170611683422
269,1.3625246492985972,0.5431520289961234,0.5877549938119999,-1.0821187484069859
270,1.367589759519038,0.5428127158236024,0.5873316503522317,-1.0820152756758494
271,1.372654869739479,0.5424564536585823,0.5868872246609251,-1.0819066133376805
272,1.3777199799599198,0.5420832764138612,0.5864217485536422,-1.0817927319822538
273,1.3827850901803607,0.5416932181484818,0.585935254686049,-1.0816736024290416
274,1.3878502004008015,0.5412863130590225,0.5854277765485765,-1.0815491957298775
275,1.3929153106212424,0.5408625954709385,0.5848993484610325,-1.0814194831716
276,1.3979804208416833,0.5404220998299539,0.5843500055671816,-1.0812844362786973
277,1.4030455310621242,0.5399648606935061,0.5837797838292734,-1.081144026815918
278,1.408110641282565,0.5394909127222399,0.5831887200225407,-1.080998226790891
279,1.413175751503006,0.5390002906715567,0.5825768517296541,-1.080847008456719
280,1.4182408617234468,0.5384930293832136,0.5819442173351366,-1.0806903443145617
281,1.4233059719438876,0.5379691637769773,0.5812908560197394,-1.0805282071162012
282,1.4283710821643285,0.5374287288423288,0.5806168077547816,-1.0803605698666015
283,1.4334361923847694,0.536871759630224,0.5799221132964495,-1.0801874058264431
284,1.4385013026052103,0.5362982912449057,0.5792068141800585,-1.0800086885146503
285,1.4435664128256511,0.535708358835771,0.5784709527142793,-1.079824391710897
286,1.448631523046092,0.5351019975892908,0.5777145719753243,-1.0796344894581016
287,1.4536966332665329,0.5344792427209862,0.5769377158011016,-1.0794389560649036
288,1.4587617434869737,0.5338401294674566,0.5761404287853276,-1.0792377661081203
289,1.4638268537074146,0.5331846930784631,0.5753227562716082,-1.0790308944351936
290,1.4688919639278555,0.5325129688090686,0.5744847443474839,-1.0788183161666136
291,1.4739570741482966,0.5318249919118292,0.5736264398384369,-1.0786000066983275
292,1.4790221843687374,0.5311207976302403,0.5727478903017538,-1.078375941701484
293,1.4840872945891783,0.5304004285712668,0.571849143329011,-1.0781460808193428
294,1.4891524048096192,0.5296639520382165,0.5709302449139811,-1.0779103292133938
295,1.49421751503006,0.5289114401863865,0.5699912413029465,-1.0776685811562021
296,1.499282625250501,0.5281429647544065,0.5690321794812745,-1.0774207316117181
297,1.5043477354709418,0.5273585970450747,0.5680531071684076,-1.077166676245262
298,1.5094128456913827,0.5265584079063829,0.5670540728128075,-1.076906311433592
299,1.5144779559118235,0.5257424677127366,0.5660351255868526,-1.0766395342750432
300,1.5195430661322644,0.5249108463463699,0.5649963153816993,-1.0763662425997547
301,1.5246081763527053,0.5240636131789526,0.5639376928020873,-1.076086334979946
302,1.5296732865731462,0.5232008370353909,0.562859309146002,-1.0757997107484147
303,1.534738396793587,0.5223225758944902,0.561761207774552,-1.0755062746666122
304,1.539803507014028,0.5214288597130055,0.5606434097390567,-1.0752059447719002
305,1.5448686172344688,0.5205197134722532,0.5595059331595247,-1.0748986420268396
306,1.5499337274549096,0.5195951617308797,0.5583487970578757,-1.074584288271468
307,1.5549988376753505,0.5186552286226025,0.5571720213664071,-1.074262806230825
308,1.5600639478957914,0.5176999378541355,0.5559756269362172,-1.0739341195224676
309,1.5651290581162323,0.5167293127032822,0.554759635545578,-1.073598152663992
310,1.5701941683366731,0.5157433760172091,0.5535240699082589,-1.0732548310805432
311,1.575259278557114,0.5147421502108902,0.5522689536817993,-1.0729040811123285
312,1.5803243887775549,0.5137256572657296,0.5509943114757205,-1.0725458300220994
313,1.5853894989979957,0.5126939187283575,0.5497001688596829,-1.0721800060026314
314,1.5904546092184366,0.5116469557096,0.5483865523715806,-1.0718065381841797
315,1.5955197194388777,0.5105847888836246,0.5470534895255693,-1.0714253566419052
316,1.6005848296593186,0.5095074384872614,0.5457010088200303,-1.0710363924032755
317,1.6056499398797595,0.5084149253494695,0.5443291406363014,-1.070639577038667
318,1.6107150501002003,0.5073072847744318,0.5429379292568782,-1.070234837054014
319,1.6157801603206412,0.5061845626484948,0.5415274295144938,-1.0698220954844526
320,1.620845270541082,0.505046804322704,0.5400976971866185,-1.0694012764043122
321,1.625910380761523,0.5038940543251461,0.5386487887535942,-1.0689723050512956
322,1.6309754909819638,0.5027263563530743,0.5371807613984962,-1.068535107837521
323,1.6360406012024047,0.501543753265281,0.5356936730069779,-1.0680896123605672
324,1.6411057114228456,0.5003462870747163,0.5341875821670962,-1.0676357474145228
325,1.6461708216432864,0.49913399894135657,0.5326625481691134,-1.067173443001017
326,1.6512359318637273,0.4979069291653177,0.531118631005278,-1.066702630340244
327,1.6563010420841682,0.4966651171802207,0.5295558913695767,-1.0662232418819564
328,1.661366152304609,0.49540860154680333,0.527974390657457,-1.065735211316425
329,1.66643126252505,0.49413741994677834,0.5263741909655163,-1.0652384735853642
330,1.6714963727454908,0.49285160917694204,0.5247553550911555,-1.064732964892805
331,1.6765614829659317,0.49155120514352973,0.5231179465321942,-1.0642186227159127
332,1.6816265931863725,0.49023624285681694,0.5214620294864416,-1.0636953858157419
333,1.6866917034068134,0.48890675642597,0.5197876688512233,-1.0631631942479185
334,1.6917568136272543,0.48756277905413803,0.5180949302228552,-1.0626219893732434
335,1.6968219238476951,0.48620434303379373,0.5163838798960679,-1.062071713868209
336,1.701887034068136,0.48483147974231644,0.5146545848633709,-1.0615123117354202
337,1.706952144288577,0.4834442196378141,0.512907112814354,-1.0609437283139156
338,1.712017254509018,0.4820425922560095,0.5111415321346334,-1.0603659102869685
339,1.7170823647294589,0.48062663699900254,0.509357908023364,-1.0597787738186077
340,1.7221474749498997,0.4791964298257855,0.5075562928877411,-1.0591821251094586
341,1.7272125851703406,0.4777520531310806,0.5057367371684937,-1.0585757483489766
342,1.7322776953907815,0.47629358736887695,0.5038992923500472,-1.0579594303036255
343,1.7373428056112223,0.4748211110889323,0.5020440106487607,-1.057332959559015
344,1.7424079158316632,0.47333470141288125,0.5001709422899369,-1.0566961196737756
345,1.747473026052104,0.47183443380947804,0.49828013693074535,-1.0560486925630905
346,1.752538136272545,0.4703203817842497,0.49637164538899403,-1.0553904627860564
347,1.7576032464929858,0.46879261685726215,0.4944455196677827,-1.0547212176302925
348,1.7626683567134267,0.4672512085446119,0.492501812960727,-1.0540407471491948
349,1.7677334669338676,0.465696224340328,0.49054057965692277,-1.0533488441994296
350,1.7727985771543084,0.46412772969868754,0.4885618753456442,-1.052645304478617
351,1.7778636873747493,0.46254578801694296,0.48656575682077247,-1.0519299265631832
352,1.7829287975951902,0.46095046061845263,0.48455228208493273,-1.0512025119463244
353,1.787993907815631,0.4593418067362203,0.482521510353344,-1.0504628650760603
354,1.793059018036072,0.45771988349683035,0.4804735020573612,-1.0497107933933318
355,1.7981241282565128,0.45608474590478787,0.47840831884770735,-1.0489461073700976
356,1.8031892384769537,0.45443644682724194,0.4763260235973759,-1.0481686205474086
357,1.8082543486973945,0.4527750369793203,0.4742266804042685,-1.0473781495730472
358,1.8133194589178354,0.45110057648319724,0.47211035820432257,-1.0465744953928426
359,1.8183845691382763,0.4494131654853831,0.46997714033321486,-1.0457573930341402
360,1.8234496793587172,0.44771291051087136,0.46782711403951716,-1.0449265657889877
361,1.8285147895791583,0.44599991449459514,0.4656603673801409,-1.0440817413784145
362,1.8335798997995991,0.4442742767507185,0.4634769892151711,-1.043222652017792
363,1.83864501002004,0.44253609294257074,0.4612770692023785,-1.0423490344825723
364,1.8437101202404809,0.44078545505322086,0.45906069779140446,-1.041460630174326
365,1.8487752304609217,0.4390224513566832,0.4568279662175993,-1.0405571851869826
366,1.8538403406813626,0.4372471663897408,0.45457896649549645,-1.0396384503731853
367,1.8589054509018035,0.4354596809243847,0.4523137914119124,-1.038704181410665
368,1.8639705611222444,0.4336600719408482,0.45003253451864633,-1.0377541388685452
369,1.8690356713426852,0.4318484126012311,0.44773529012477203,-1.0367880882734908
370,1.874100781563126,0.4300247722236932,0.44542215328849016,-1.0358058001755943
371,1.879165891783567,0.42818921625720624,0.4430932198085317,-1.0348070502139244
372,1.8842310020040078,0.42634180625684154,0.44074858621508356,-1.033791619181636
373,1.8892961122244487,0.42448259985958114,0.43838834976021834,-1.0327592930905465
374,1.8943612224448896,0.42261165100251413,0.43601260834501154,-1.0317098624960004
375,1.8994263326653305,0.4207290371253389,0.4336214534411263,-1.0306430390540091
376,1.9044914428857713,0.41883488315767947,0.4312149638423591,-1.0295583801218842
377,1.9095565531062122,0.4169293138158629,0.4287932180264817,-1.028455433133345
378,1.914621663326653,0.4150124475670099,0.42635629570408884,-1.027333753971915
379,1.919686773547094,0.4130843965853899,0.4239042778116137,-1.0261929071048492
380,1.9247518837675348,0.41114526670960516,0.4214372465035105,-1.0250324657177061
381,1.9298169939879757,0.409195157400573,0.41895528514356734,-1.0238520118492993
382,1.9348821042084166,0.40723416170027116,0.4164584782953078,-1.0226511365267676
383,1.9399472144288574,0.40526236619120476,0.41394691171144815,-1.021429439900536
384,1.9450123246492983,0.4032798509565531,0.411420672322357,-1.0201865313788785
385,1.9500774348697394,0.40128668954094576,0.40887984822347695,-1.0189220297618578
386,1.9551425450901803,0.39928294891182103,0.4063245286616615,-1.0176355633743719
387,1.9602076553106211,0.39726868942130567,0.4037548040203714,-1.016326770198059
388,1.965272765531062,0.39524396476855883,0.4011707658036776,-1.0149952980018033
389,1.9703378757515029,0.39320883096004494,0.3985725130641451,-1.0136407976672457
390,1.9754029859719437,0.3911634395012474,0.39596018315061876,-1.0122627606902308
391,1.9804680961923846,0.3891080164943936,0.3933339276514898,-1.010860509107905
392,1.9855332064128255,0.3870427795131022,0.39069389775511415,-1.00943337128419
393,1.9905983166332664,0.3849679337723425,0.38804024408762194,-1.0079806914959735
394,1.9956634268537072,0.3828836720460934,0.38537311666985424,-1.006501830204609
395,2.000728537074148,0.3807901745861756,0.3826926648728971,-1.004996164328003
396,2.005793647294589,0.37868760904208754,0.3799990373721208,-1.0034630875125559
397,2.01085875751503,0.37657613038166526,0.3772923820996338,-1.0019020104042244
398,2.015923867735471,0.37445588081237413,0.3745728461950485,-1.000312360917982
399,2.020988977955912,0.37232698970303285,0.3718405759544577,-0.9986935845049452
400,2.0260540881763527,0.37018957350574977,0.3690957167775012,-0.9970451444164415
401,2.0311191983967936,0.36804373567784554,0.36633841311240267,-0.995366521964293
402,2.0361843086172344,0.36588956913467524,0.3635688083762748,-0.9936572098409665
403,2.0412494188376753,0.3637272402339352,0.36078704414592705,-0.9919164809154323
404,2.046314529058116,0.36155700482207453,0.3579932599516649,-0.990143338884657
405,2.051379639278557,0.35937910516827376,0.35518759413097695,-0.9883367981693476
406,2.056444749498998,0.3571937631677373,0.3523701838211589,-0.9864959026613428
407,2.061509859719439,0.3550011802201985,0.3495411648894267,-0.98461972625729
408,2.0665749699398797,0.35280153710813467,0.34670067185982556,-0.9827073733909522
409,2.0716400801603205,0.35059499387427434,0.3438488378367276,-0.9807579795621213
410,2.0767051903807614,0.34838168969793193,0.3409857944246775,-0.9787707118601237
411,2.0817703006012023,0.3461617427696784,0.33811167164433276,-0.976744769479908
412,2.086835410821643,0.3439352501638235,0.3352265978442317,-0.9746793842287359
413,2.091900521042084,0.34170228770814104,0.3323306996080879,-0.9725738210214803
414,2.096965631262525,0.3394629469582823,0.32942410081347867,-0.9704272697955535
415,2.1020307414829658,0.3372174855271824,0.3265069191069803,-0.9682384013881785
416,2.1070958517034066,0.3349661905496419,0.3235792688962049,-0.9660057582684619
417,2.1121609619238475,0.3327093161527607,0.3206412626541766,-0.9637279363315358
418,2.1172260721442884,0.33044708322811,0.31769301080076306,-0.9614035860061059
419,2.1222911823647292,0.32817967922739366,0.31473462157658927,-0.9590314132719705
420,2.12735629258517,0.325907257952277,0.3117662009095625,-0.9566101806643864
421,2.132421402805611,0.32362993933723566,0.3087878522734544,-0.9541387082598832
422,2.137486513026052,0.32134780922420725,0.3057996765379305,-0.9516158746380976
423,2.1425516232464927,0.3190609191277084,0.30280177180936924,-0.9490406178143328
424,2.1476167334669336,0.31676931782807033,0.29979423272690225,-0.9464118393234616
425,2.1526818436873745,0.3144732736356568,0.2967771465440091,-0.9437277232272842
426,2.1577469539078153,0.3121731300420956,0.2937505953559751,-0.9409861614814948
427,2.162812064128256,0.30986917781063383,0.2907146580395954,-0.9381851402376519
428,2.167877174348697,0.30756165376934913,0.28766941005099594,-0.9353227443195143
429,2.172942284569138,0.3052507404305117,0.2846149231945719,-0.9323971591130753
430,2.178007394789579,0.30293656558967,0.2815512653759888,-0.9294066724099336
431,2.1830725050100197,0.30061920190156005,0.27847850033789223,-0.9263496761896203
432,2.1881376152304606,0.29829866642966774,0.27539668737684364,-0.9232246683267561
433,2.1932027254509014,0.2959749760277603,0.2723058803743617,-0.9200300783158823
434,2.1982678356713423,0.29364846675220846,0.26920612365936647,-0.9167632531401319
435,2.203332945891783,0.29131955298050716,0.26609745451999567,-0.913421196063008
436,2.208398056112224,0.2889885625893662,0.26297990478358724,-0.9100010824901206
437,2.213463166332665,0.28665573568015307,0.259853500419222,-0.9065002652141708
438,2.218528276553106,0.28432122381055497,0.2567182611020473,-0.9029162777981721
439,2.2235933867735467,0.28198508916793424,0.25357419974302786,-0.899246837807135
440,2.2286584969939875,0.2796473036767633,0.2504213219807873,-0.8954898498511628
441,2.2337236072144284,0.27730786441434735,0.24725962447952538,-0.8916430300370979
442,2.2387887174348693,0.27496723255041117,0.2440890899763619,-0.8877024644440562
443,2.2438538276553106,0.2726259081773957,0.24090969083222727,-0.883663964451497
444,2.2489189378757515,0.2702842497415528,0.2377213901056875,-0.879523650871251
445,2.2539840480961923,0.26794247251048786,0.23452414079179226,-0.8752779602069711
446,2.259049158316633,0.2656006469490789,0.2313178849925325,-0.8709236504114423
447,2.264114268537074,0.2632586969407977,0.22810255301198312,-0.8664578061908413
448,2.269179378757515,0.26091658754347363,0.22487805986010706,-0.8618772074912183
449,2.274244488977956,0.25857493151403044,0.22164429612392442,-0.8571762731450162
450,2.2793095991983967,0.2562343431775019,0.21840113528944383,-0.8523491916856369
451,2.2843747094188376,0.2538952060983305,0.21514843547686496,-0.8473906962762449
452,2.2894398196392785,0.2515576699386446,0.21188603801317887,-0.8422960749511565
453,2.2945049298597193,0.24922164697838778,0.20861376585946387,-0.8370611798322424
454,2.29957004008016,0.2468869813910644,0.20533141953385878,-0.8316818423431473
455,2.304635150300601,0.24455438317859254,0.2020387625042881,-0.826150649513175
456,2.309700260521042,0.2422246706835599,0.19873552923360166,-0.8204594877671562
457,2.314765370741483,0.23989828783257355,0.19542142927012185,-0.8146011838421607
458,2.3198304809619237,0.23757529626640234,0.1920961446418637,-0.808569525791347
459,2.3248955911823646,0.235255400515048,0.18875932637181583,-0.8023591635242479
460,2.3299607014028054,0.2329389918645773,0.18541057318298718,-0.7959619456530425
461,2.3350258116232463,0.2306272739384891,0.18204942550879533,-0.7893664196774487
462,2.340090921843687,0.22832092521066544,0.17867538408457842,-0.7825624564183925
463,2.345156032064128,0.2260200019530986,0.1752879067465704,-0.7755415681437982
464,2.350221142284569,0.22372409192182477,0.17188639963094554,-0.7682963339102848
465,2.35528625250501,0.22143415881187026,0.16847017198054012,-0.7608138368736137
466,2.3603513627254507,0.21915165774073306,0.16503844758650293,-0.7530787094558571
467,2.3654164729458915,0.21687706864650594,0.16159038747864551,-0.7450782532570387
468,2.3704815831663324,0.21460991654601427,0.15812507967912437,-0.7368022979740592
469,2.3755466933867733,0.21235095474980817,0.1546414708884899,-0.7282353454482389
470,2.380611803607214,0.21010224203308905,0.15113835168156786,-0.7193562059074317
471,2.385676913827655,0.2078643623673718,0.14761441461380098,-0.710147775850642
472,2.390742024048096,0.20563669612296523,0.14406822695499463,-0.700595903704102
473,2.3958071342685368,0.2034212941634973,0.14049808583637502,-0.6906754104290156
474,2.4008722444889776,0.20122024156151547,0.1369020782365549,-0.680359377238409
475,2.4059373547094185,0.19903309971648672,0.13327813283659512,-0.6696279816093079
476,2.4110024649298594,0.196861397440172,0.12962381247830948,-0.6584521605750734
477,2.4160675751503002,0.19470839906684687,0.12593628032025914,-0.6467942878880277
478,2.421132685370741,0.1925737171318167,0.12221245125451487,-0.6346268487452026
479,2.426197795591182,0.19046020900167343,0.11844861716330794,-0.6219074198446733
480,2.431262905811623,0.18837116710611002,0.11464049242393909,-0.6085883215840658
481,2.4363280160320637,0.1863066738798436,0.11078325227535947,-0.5946284691165057
482,2.4413931262525046,0.1842728295434139,0.1068709329504975,-0.5799603404110054
483,2.4464582364729455,0.18227021719848438,0.10289684036049658,-0.5645290928053615
484,2.4515233466933863,0.18030581253620795,0.09885263278570283,-0.548249839510037
485,2.456588456913827,0.17838189371252874,0.09472864594567394,-0.5310440649224962
486,2.461653567134268,0.17650745161496675,0.09051273172510355,-0.5127983600519482
487,2.466718677354709,0.1746871316765757,0.08619035384701113,-0.49339841475322954
488,2.47178378757515,0.1729320576052384,0.08174301295442517,-0.47268860433630233
489,2.476848897795591,0.1712544225405685,0.07714732932709377,-0.4504837199682731
490,2.481914008016032,0.16966878166103677,0.07237313333376529,-0.4265553900089403
491,2.486979118236473,0.1681963447107876,0.06738028896067498,-0.4006049541476951
492,2.4920442284569138,0.1668671885198077,0.06211394231847922,-0.37223580542981394
493,2.4971093386773546,0.1657248680895061,0.056496403068370636,-0.34090480034570053
494,2.5021744488977955,0.16484026467781313,0.050411756244082805,-0.30582185937771084
495,2.5072395591182364,0.164337643585783,0.04367447812001508,-0.265760644774107
496,2.5123046693386772,0.16446497860095055,0.03595254301717258,-0.21860303222612518
497,2.517369779559118,0.16582244630014978,0.026532136901510423,-0.16000328962392385
498,2.522434889779559,0.17060522708838588,0.013233168570407525,-0.07756602066800558
499,2.5275,0.0,-0.0,0.0
