,Energy,dG/de1,dG/dT,dH/de1,alpha
0,1e-05,3.1709392072900946,0.0,-0.6876848101061682,0.21687101680321022
1,0.004096250501002003,1.8062311308915757,0.010366244325997002,0.21167322976140177,-0.11719055559457527
2,0.008182501002004006,1.7183536505771395,0.01853132407973067,0.3561451614523385,-0.2072595250300896
3,0.01226875150300601,1.676327383417636,0.026236675089069527,0.4572355324715577,-0.2727602835785945
4,0.016355002004008013,1.651500429276674,0.03370906846166035,0.5382867776957092,-0.3259380186364642
5,0.020441252505010016,1.6357070498654507,0.04108617114435219,0.6073760486096712,-0.3713232443790179
6,0.02452750300601202,1.6254113162703263,0.04841769469703639,0.6683564834891056,-0.41119221750142504
7,0.028613753507014023,1.6187010894524612,0.055716085531917585,0.723386686051575,-0.44689330894085355
8,0.03270000400801603,1.6144555884619896,0.06302448941446903,0.7738003673443185,-0.47929492323878603
9,0.03678625450901803,1.6119427879224757,0.07038223510109595,0.8204816943719961,-0.5090017465380764
10,0.04087250501002004,1.6106701527300773,0.07783898451336818,0.8640469313692783,-0.5364518178378878
11,0.04495875551102204,1.610290603257773,0.08528092817916678,0.9049436518550277,-0.5619753664489127
12,0.049045006012024044,1.610542079395622,0.0927300439645278,0.9435082602210999,-0.5858327281800451
13,0.05313125651302605,1.611242768290171,0.1003393901485947,0.9799998942884403,-0.6082260932835111
14,0.05721750701402805,1.6122621106212258,0.10790622153839337,1.0146234164093546,-0.6293166661458085
15,0.061303757515030054,1.613468647739163,0.11559269036724926,1.0475449481336627,-0.6492502656320664
16,0.06539000801603205,1.6148014360162504,0.12334368410750655,1.078899805861171,-0.6681315620593203
17,0.06947625851703405,1.6161729513014518,0.13116589020649785,1.1088019402442122,-0.6860663887186887
18,0.07356250901803606,1.6175505472724034,0.13914910155229082,1.1373468754799176,-0.7031291092558252
19,0.07764875951903806,1.618870633852437,0.14711396307134897,1.1646172254134781,-0.7194010448148231
20,0.08173501002004006,1.6201224970021415,0.15514670143928969,1.1906838321052555,-0.7349344474312807
21,0.08582126052104207,1.6212570583647659,0.163247166135589,1.2156093034906563,-0.7497943014149437
22,0.08990751102204407,1.6222669015865117,0.1714136405293671,1.2394485155141157,-0.7640225626880417
23,0.09399376152304607,1.6231337095561449,0.17964575360831145,1.2622504687662535,-0.7776626542439458
24,0.09808001202404808,1.6238301071817556,0.1879421185125951,1.284059300969228,-0.7907596338374228
25,0.10216626252505008,1.6243606762935145,0.19630072591471173,1.3049146261288274,-0.8033404435192294
26,0.10625251302605208,1.6247108905076042,0.2047206990361278,1.3248526633775004,-0.8154390243322491
27,0.11033876352705409,1.6248639325922163,0.21320117332525904,1.343906610836284,-0.8270887080940318
28,0.11442501402805609,1.6248264707084723,0.22173885748495767,1.3621068460833115,-0.8383091183204275
29,0.1185112645290581,1.6245940119936881,0.23033314494848323,1.3794815704181205,-0.8491238797102497
30,0.1225975150300601,1.6241523566008949,0.23898243283003362,1.3960570794852947,-0.8595604185847632
31,0.12668376553106211,1.6235047241932838,0.2476842182765738,1.4118577993148105,-0.8696357813287915
32,0.13077001603206412,1.6226555533505125,0.25643656711866,1.4269066231731724,-0.87936507549421
33,0.13485626653306612,1.6216002495978596,0.26523837585267973,1.4412251786360795,-0.8887672402575719
34,0.13894251703406812,1.6203314472302346,0.2740848154706859,1.4548339198372655,-0.8978619296219501
35,0.14302876753507013,1.6188549698235584,0.28297893170035704,1.467752101964302,-0.9066606517100632
36,0.14711501803607213,1.6171754379536154,0.2919164761724529,1.479998041706385,-0.9151746971739716
37,0.15120126853707413,1.615292141995472,0.30089456244534446,1.491589257714072,-0.9234176400260438
38,0.15528751903807614,1.6132005950062003,0.30991148265635093,1.5025425400384185,-0.9314046527689531
39,0.15937376953907814,1.6109036095900828,0.3189659375232654,1.5128738729528273,-0.939146118952331
40,0.16346002004008015,1.608407395512401,0.32805581842656684,1.5225985580357124,-0.9466498116608374
41,0.16754627054108215,1.605714994040683,0.3371786234664907,1.531731365246731,-0.9539248066633689
42,0.17163252104208415,1.6028264508968464,0.3463327100921741,1.5402865831356811,-0.960981510052962
43,0.17571877154308616,1.5997401116744743,0.35551478348041016,1.5482780404039869,-0.9678309802355202
44,0.17980502204408816,1.596459937289007,0.36472272077386414,1.5557189983677189,-0.9744804501699733
45,0.18389127254509016,1.5929915407344488,0.37395667479124545,1.5626222693776075,-0.980935698288241
46,0.18797752304609217,1.5893386351757963,0.38321217015655384,1.569000325203455,-0.987203287252819
47,0.19206377354709417,1.5855031604810739,0.39248797690540527,1.57486531943019,-0.9932905582807819
48,0.19615002404809617,1.581485464837974,0.40178199650832686,1.5802291250732114,-0.9992055951238912
49,0.20023627454909818,1.5772869256360318,0.4110919504953871,1.5851032672508398,-1.0049555610255605
50,0.20432252505010018,1.5729127472678046,0.4204157115139134,1.5894988446618497,-1.0105448299168887
51,0.20840877555110218,1.5683675604164071,0.42975113745601473,1.5934267225005474,-1.015977863044736
52,0.21249502605210419,1.5636548949470024,0.439096066762588,1.5968975432120431,-1.021259581236541
53,0.2165812765531062,1.5587772672798068,0.44844819104316824,1.5999217397047074,-1.0263953505664738
54,0.2206675270541082,1.553736256919119,0.45780562744030523,1.602509549584733,-1.0313909728555384
55,0.2247537775551102,1.548533359237465,0.4671673252726453,1.6046709925307414,-1.0362521304164347
56,0.2288400280561122,1.5431728080317102,0.47652946285389297,1.6064157609590417,-1.0409824179107956
57,0.2329262785571142,1.5376591395504906,0.4858903792787498,1.6077533380824167,-1.0455850043283434
58,0.2370125290581162,1.5319962113075707,0.4952479277690957,1.6086930493202112,-1.0500633339994876
59,0.2410987795591182,1.5261872662056915,0.504600492186334,1.609244069390559,-1.054421108748573
60,0.2451850300601202,1.5202349735836274,0.513945562675031,1.609415428948628,-1.0586622837355049
61,0.24927128056112222,1.514141471615535,0.523281106150339,1.6092160203898744,-1.0627910605162265
62,0.2533575310621242,1.507908755422691,0.5326050709628835,1.6086545867933728,-1.0668116230563573
63,0.25744378156312625,1.5015405362996863,0.5419154942575284,1.6077395864809614,-1.0707267287255435
64,0.2615300320641282,1.4950409354430318,0.5512100250376067,1.606479323505191,-1.07453868681471
65,0.2656162825651302,1.4884136700241901,0.5604867043811158,1.6048819738199456,-1.0782499557356675
66,0.26970253306613223,1.4816620888372383,0.5697434708255019,1.6029556025965765,-1.081863141854784
67,0.27378878356713426,1.4747891853502766,0.5789784183944231,1.6007081612428795,-1.0853810003106958
68,0.27787503406813624,1.4677976443534904,0.5881895438780187,1.598147499711819,-1.0888064208712795
69,0.2819612845691382,1.4606898371366592,0.5973747737301939,1.5952813478478116,-1.0921424297542779
70,0.28604753507014025,1.4534680412844048,0.6065320384621532,1.5921173188951512,-1.0953920373015043
71,0.2901337855711423,1.4461356275021962,0.6156593296253722,1.588662848647415,-1.0985572988001102
72,0.29422003607214425,1.4386962858252081,0.6247546450669802,1.5849252305037216,-1.1016398986493798
73,0.29830628657314623,1.4311534603329306,0.6338159718936488,1.5809116618904289,-1.1046416095187024
74,0.30239253707414826,1.4235103676361014,0.6428407331600935,1.5766292461700497,-1.1075642875634404
75,0.3064787875751503,1.415770013356431,0.6518280716250371,1.572084994277371,-1.1104098684435029
76,0.31056503807615227,1.4079351991350357,0.6607757514776798,1.567285826095741,-1.1131803701325191
77,0.31465128857715424,1.400008544810325,0.6696819474749778,1.5622385717734717,-1.1158778834347227
78,0.3187375390781563,1.391992491542223,0.678544749603389,1.5569499729692409,-1.1185045770212865
79,0.3228237895791583,1.383889387640575,0.6873622215726798,1.5514266725266663,-1.121062627101816
80,0.3269100400801603,1.3757021993603917,0.6961324774939978,1.5456751193494664,-1.1235535714547091
81,0.33099629058116226,1.3674341486697992,0.7048535675407829,1.5397016193833144,-1.1259786227227777
82,0.3350825410821643,1.3590883272248782,0.7135235259258721,1.5335123964801831,-1.1283390238598114
83,0.3391687915831663,1.3506676655518102,0.7221404742800415,1.5271135932363962,-1.130636078870297
84,0.3432550420841683,1.3421749669614969,0.7307026544872091,1.520511274553107,-1.1328711322901064
85,0.34734129258517027,1.3336129030035069,0.7392100488465303,1.513711420463572,-1.1350455721105088
86,0.3514275430861723,1.3249840256931582,0.7476561744715207,1.5067199335905577,-1.1371608293936415
87,0.35551379358717433,1.3162907713682357,0.7560441755785537,1.4995426470313895,-1.1392183852148947
88,0.3596000440881763,1.3075354761420503,0.7643707129421765,1.4921853142266364,-1.1412197538451536
89,0.3636862945891783,1.2987203823303388,0.7726340348633346,1.4846535989346854,-1.1431664730407327
90,0.3677725450901803,1.289847981061531,0.7808333766528613,1.476953080351272,-1.14505980707568
91,0.37185879559118235,1.280921091100726,0.788964883394031,1.4690892347504976,-1.1469006521612304
92,0.3759450460921843,1.2719424534160029,0.797028079214432,1.4610674626214744,-1.1486899102216035
93,0.3800312965931863,1.2629147122957396,0.8050213343811986,1.4528930906000128,-1.150428509902247
94,0.3841175470941883,1.2538404220182073,0.8129430430430236,1.4445713719644346,-1.1521174039350421
95,0.38820379759519036,1.2447220505380578,0.8207916621530574,1.4361074870237098,-1.153757568931089
96,0.39229004809619233,1.2355619813377718,0.8285656489408019,1.4275065433605771,-1.1553500066544475
97,0.3963762985971943,1.2263625197255754,0.836263453509387,1.4187735763038976,-1.1568957412538816
98,0.40046254909819634,1.217125892924151,0.8438835594172396,1.409913548789599,-1.1583958216534813
99,0.40454879959919837,1.2078542599360107,0.8514244732916739,1.40093135246835,-1.1598513156235986
100,0.40863505010020035,1.198549709831483,0.8588847185403538,1.3918318073480846,-1.1612633134288417
101,0.4127213006012023,1.1892143049460933,0.8662628350125907,1.382619657131865,-1.1626328840658695
102,0.41680755110220435,1.1798503288376423,0.8735573973376062,1.3732994885973127,-1.1639607626759332
103,0.4208938016032064,1.1704601327812576,0.8807670176439991,1.3638758039208014,-1.1652475515590162
104,0.42498005210420836,1.1610459885570144,0.8878904055585086,1.354353020551643,-1.16649386320595
105,0.42906630260521034,1.1516101122172109,0.8949259665410222,1.344735503577167,-1.167700326100931
106,0.43315255310621237,1.1421546586686737,0.9018726368370834,1.335027551212317,-1.1688675794296206
107,0.4372388036072144,1.1326817170185761,0.9087289909249338,1.3252333916301207,-1.1699962767284489
108,0.4413250541082164,1.123193319118197,0.9154937052329543,1.315357187201583,-1.1710870825284565
109,0.44541130460921835,1.1136914413983647,0.922165530067414,1.3054030365844693,-1.1721406738525253
110,0.4494975551102204,1.1041780046968717,0.9287438566544637,1.2953749738152809,-1.1731577411478127
111,0.4535838056112224,1.0946548783568015,0.9352266854038404,1.2852769686625825,-1.1741389857887683
112,0.4576700561122244,1.0851238809935926,0.9416131158008619,1.2751129269635155,-1.175085120968824
113,0.46175630661322636,1.0755867876656389,0.9479019464599004,1.2648866909292293,-1.1759968655569215
114,0.4658425571142284,1.0660453307611466,0.9540920288970522,1.254602036545765,-1.1768749417531716
115,0.4699288076152304,1.0565013153591007,0.9601822466143836,1.2442626369361713,-1.177719912741662
116,0.4740150581162324,1.046956590510205,0.9661715462176238,1.233872075262147,-1.178532220386381
117,0.4781013086172344,1.0374129584832428,0.9720589346481365,1.2234338762395287,-1.1793123136116008
118,0.4821875591182364,1.0278721732104976,0.9778434369922351,1.2129515001545008,-1.1800606454457454
119,0.48627380961923844,1.0183359423919172,0.9835240807151049,1.2024283521115657,-1.180777680582739
120,0.4903600601202404,1.008805929703234,0.9890998968272051,1.191867780055683,-1.18146389207516
121,0.4944463106212424,0.9992837596493497,0.9945699189366998,1.1812730662149156,-1.1821197480777894
122,0.4985325611222444,0.9897710104802135,0.9999332075189021,1.1706474414343537,-1.1827457351639177
123,0.5026188116232464,0.9802692215970477,1.0051888525605006,1.1599940786056557,-1.1833423441733706
124,0.5067050621242484,0.970779891141741,1.0103359975792157,1.1493160902685005,-1.1839100714341968
125,0.5107913126252503,0.9613044816129551,1.0153738060709927,1.1386165375883541,-1.1844494219749089
126,0.5148775631262524,0.951844418531927,1.020301462205656,1.1278984197704702,-1.184960900973795
127,0.5189638136272544,0.9424010890896574,1.0251181643501444,1.1171646818951868,-1.1854450242352201
128,0.5230500641282564,0.9329758460825144,1.029823142884335,1.106418212751091,-1.1859023118303076
129,0.5271363146292584,0.9235700242827125,1.034415648115074,1.095661849662713,-1.1863332729033242
130,0.5312225651302603,0.9141850664302288,1.038894978197108,1.0848984087417721,-1.1867382749733117
131,0.5353088156312624,0.9048224545627309,1.0432604867968684,1.0741306687425816,-1.1871176089033637
132,0.5393950661322644,0.8954836374045152,1.0475106906762328,1.0633613521486978,-1.187471560318804
133,0.5434813166332664,0.886170019198321,1.051646295197143,1.0525931254314218,-1.1878004250060914
134,0.5475675671342685,0.8768829649659834,1.055666347578161,1.0418285994126608,-1.1881045031512
135,0.5516538176352704,0.867623807243608,1.0595704092376628,1.0310703304852293,-1.1883840921342186
136,0.5557400681362724,0.8583938366124195,1.0633580439939474,1.0203208182831807,-1.188639497121499
137,0.5598263186372744,0.8491943113215161,1.0670286665652402,1.0095825106505643,-1.188871024205817
138,0.5639125691382764,0.8400264530309092,1.0705816575500164,0.9988577970357809,-1.1890789789199978
139,0.5679988196392785,0.8308914488226783,1.07401780355594,0.9881490170989513,-1.1892636739722104
140,0.5720850701402804,0.8217904517322567,1.0773338008834554,0.9774584568394167,-1.189425424424227
141,0.5761713206412824,0.8127245830140523,1.0805308408570955,0.9667883475084516,-1.189564543406626
142,0.5802575711422845,0.8036949297615676,1.0836078108041145,0.9561408732241194,-1.1896813552224075
143,0.5843438216432865,0.7947025481018243,1.0865659504522873,0.9455181612823763,-1.1897761792016153
144,0.5884300721442884,0.7857484631982371,1.0894040391924074,0.9349222894072085,-1.1898493388097613
145,0.5925163226452904,0.7768336682297806,1.09212178500211,0.9243552845160696,-1.1899011620112394
146,0.5966025731462924,0.7679591263758917,1.0947188849970095,0.9138191087183286,-1.1899319603515501
147,0.6006888236472945,0.7591257503129787,1.0971950195495888,0.9033155866919494,-1.1899419645816558
148,0.6047750741482965,0.750334418031314,1.0995517236900436,0.8928464644706566,-1.189931373284539
149,0.6088613246492984,0.7415859819689704,1.10178668137721,0.8824134490723744,-1.189900389877241
150,0.6129475751503005,0.7328812666089822,1.1039004612231365,0.872018202920877,-1.189849219308984
151,0.6170338256513025,0.7242210696375495,1.1058929492357432,0.8616623448545588,-1.1897780677463505
152,0.6211200761523045,0.7156061662477322,1.107764063752877,0.8513474540728889,-1.1896871410945404
153,0.6252063266533064,0.7070373057831586,1.1095137474849,0.8410750686359194,-1.1895766485819192
154,0.6292925771543084,0.6985152121579923,1.1111419715453204,0.8308466851460705,-1.1894468018516784
155,0.6333788276553105,0.6900405872544002,1.1126487291047575,0.8206637621371703,-1.1892978142090251
156,0.6374650781563125,0.681614108497683,1.1140340455167788,0.8105277197003347,-1.189129904436375
157,0.6415513286573145,0.673236430762389,1.115297961366006,0.8004399327074148,-1.1889432837153173
158,0.6456375791583165,0.6649081862648378,1.1164405522822338,0.7904017426480268,-1.1887381731426059
159,0.6497238296593185,0.6566299856944835,1.1174619184513581,0.7804144508585387,-1.1885147919846133
160,0.6538100801603205,0.6484024182066874,1.1183621775353418,0.7704793207862232,-1.1882733610358345
161,0.6578963306613225,0.6402260502267239,1.1191414782366957,0.7605975778648211,-1.1880141046985981
162,0.6619825811623244,0.632101429305926,1.1197999936434153,0.7507704114780243,-1.1877372470149319
163,0.6660688316633265,0.6240290822347566,1.1203379228321346,0.7409989735578587,-1.1874430129189053
164,0.6701550821643285,0.616009515211184,1.1207554877295034,0.7312843798032663,-1.1871316298621835
165,0.6742413326653305,0.6080432254827385,1.1210529310442525,0.7216277155553208,-1.1868033148176351
166,0.6783275831663326,0.6001307625224651,1.1212305299560095,0.712030073462909,-1.1864582153231231
167,0.6824138336673345,0.5922726885017086,1.1212885759452558,0.7024925280716621,-1.1860964412334802
168,0.6865000841683365,0.584469539314649,1.121227990013382,0.6930161160941364,-1.1857181075796859
169,0.6905863346693385,0.5767218296643167,1.1210478096777095,0.6836018366904675,-1.185323324917943
170,0.6946725851703405,0.569030049713572,1.1207491455899532,0.674250651401698,-1.1849122058511499
171,0.6987588356713426,0.5613946660189416,1.1203324101037007,0.6649634853338046,-1.1844848652540787
172,0.7028450861723445,0.553816123425677,1.1197980335299622,0.6557412269585937,-1.184041415953097
173,0.7069313366733465,0.5462948438501861,1.1191464744808044,0.6465847290786262,-1.1835819729170705
174,0.7110175871743486,0.5388312276041269,1.1183782130947257,0.6374948091888417,-1.1831066510814807
175,0.7151038376753506,0.5314256550803469,1.1174937466765806,0.6284722499157753,-1.1826155623231172
176,0.7191900881763525,0.5240784827497508,1.1164936030948514,0.6195177994982276,-1.1821088250899425
177,0.7232763386773545,0.5167900476530214,1.1153783245572524,0.6106321728992584,-1.1815865566150447
178,0.7273625891783565,0.5095606669409912,1.114148485829593,0.6018160502008253,-1.18104887061567
179,0.7314488396793586,0.5023906379261743,1.1128046839761263,0.593070079453738,-1.1804958824509164
180,0.7355350901803606,0.49528023761073764,1.111347552542142,0.5843948766410004,-1.1799277101387233
181,0.7396213406813625,0.4882297239949998,1.1097772835018131,0.5757910250380679,-1.1793444699077045
182,0.7437075911823646,0.4812393369033027,1.1080961220809833,0.5672590778217008,-1.1787462792878098
183,0.7477938416833666,0.47430929645017356,1.1063019746882703,0.5587995554642956,-1.178133255338793
184,0.7518800921843686,0.4674398054267946,1.1043994408797877,0.5504129490218491,-1.177505515430583
185,0.7559663426853706,0.4606310486582958,1.102385414072248,0.5420997192009864,-1.1768631766790119
186,0.7600525931863725,0.4538831932428686,1.1002619293875582,0.5338602972752826,-1.1762063571047872
187,0.7641388436873746,0.4471963833815241,1.0980305424382704,0.5256950742597961,-1.175535164852398
188,0.7682250941883766,0.44057073424893534,1.0956916131991146,0.5176043883555287,-1.174849685006692
189,0.7723113446893786,0.4340063435312515,1.0932459109674586,0.5095885485458289,-1.17415000066499
190,0.7763975951903807,0.42750329466977455,1.090692568308324,0.5016478386178714,-1.1734361930599153
191,0.7804838456913826,0.42106165502243764,1.0880359261835466,0.4937825174773473,-1.1727083470733863
192,0.7845700961923846,0.41468147841016334,1.0852751049887306,0.48599281987841025,-1.1719665458453694
193,0.7886563466933866,0.4083628045284505,1.082410999202848,0.4782789571748763,-1.1712108739363767
194,0.7927425971943886,0.4021056589444243,1.0794445282996803,0.47064111580613793,-1.1704414134375216
195,0.7968288476953906,0.39591005377794153,1.0763766222039686,0.46307946003760225,-1.1696582484296667
196,0.8009150981963926,0.38977598772322597,1.0732082338208737,0.4555941306872165,-1.1688614615498762
197,0.8050013486973946,0.3837034460823081,1.0699403341110914,0.44818524797279824,-1.1680511409237073
198,0.8090875991983967,0.377692401977086,1.066573909729514,0.4408529085912586,-1.1672273688418133
199,0.8131738496993987,0.37174281540056753,1.0631099674047861,0.43359718806445313,-1.1663902302919698
200,0.8172601002004006,0.36585463431489096,1.0595495280090765,0.4264181409817539,-1.165539810040334
201,0.8213463507014026,0.3600277946383594,1.0558936302739295,0.4193158012156806,-1.164676192950255
202,0.8254326012024046,0.3542622208235047,1.0521433286431194,0.4122901823508687,-1.1637994629866948
203,0.8295188517034067,0.3485578252618362,1.0482996956842419,0.40534127758391364,-1.1629097045215433
204,0.8336051022044086,0.3429145098516754,1.0443653391557604,0.39846906212642436,-1.1620070037245687
205,0.8376913527054106,0.3373321648359839,1.0403383820548402,0.39167349059774653,-1.1610914446542155
206,0.8417776032064127,0.33181066981719165,1.0362212228584533,0.3849544993429455,-1.160163112159814
207,0.8458638537074147,0.3263498933022848,1.0320138110871646,0.3783120063750222,-1.1592220930331574
208,0.8499501042084167,0.32094969533357004,1.027720126362267,0.37174591180752736,-1.1582684676524266
209,0.8540363547094186,0.31560992352439293,1.0233398598249095,0.36525609805672243,-1.157302324267673
210,0.8581226052104206,0.3103304174247659,1.0188741853437002,0.3588424300016841,-1.1563237435101863
211,0.8622088557114227,0.3051110080677267,1.014324291587907,0.35250475813428434,-1.1553328094148523
212,0.8662951062124247,0.29995153740494856,1.0096913839519532,0.3462429252332481,-1.1543295567970502
213,0.8703813567134266,0.29485184636138684,1.0049766767778125,0.34005676227131615,-1.1533139997859252
214,0.8744676072144287,0.2898117649482162,1.0001813994916213,0.333946083391975,-1.1522861518463365
215,0.8785538577154307,0.2848311110192243,0.9953067958866916,0.32791068638002613,-1.151246032101789
216,0.8826401082164327,0.27990969358622114,0.9903541187749341,0.32195035285607154,-1.1501936525713803
217,0.8867263587174347,0.27504731064542093,0.9853246361947979,0.31606484844984223,-1.149129026959654
218,0.8908126092184366,0.27024375043774396,0.9802207298691731,0.31025392483415254,-1.1480521726463595
219,0.8948988597194387,0.26549879134331217,0.9750414928470187,0.3045173175023523,-1.1469631027758085
220,0.8989851102204407,0.2608122021316369,0.9697893177543656,0.29885474782174676,-1.1458618323038008
221,0.9030713607214427,0.2561837433989298,0.9644654481491344,0.2932659229564606,-1.1447483710931117
222,0.9071576112224448,0.25161316515658,0.9590709019485771,0.28775053640407894,-1.1436227362149771
223,0.9112438617234467,0.2471002097061461,0.9536083216575904,0.282308268635501,-1.1424849415191702
224,0.9153301122244487,0.24264461081675612,0.9480775842967131,0.276938786633644,-1.141334998957742
225,0.9194163627254507,0.23824609416582665,0.9424805633101628,0.2716417449664166,-1.140172920431365
226,0.9235026132264527,0.23390437685209525,0.9368186288310161,0.2664167858666806,-1.1389987201271736
227,0.9275888637274547,0.22961916845271713,0.9310930798371132,0.26126353964403287,-1.137812410891262
228,0.9316751142284567,0.2253901712244278,0.9253043027972362,0.2561816250483318,-1.136614004313631
229,0.9357613647294587,0.22121707996963627,0.9194558020264606,0.25117064945984524,-1.1354035117646446
230,0.9398476152304608,0.2170995826082679,0.9135478825358772,0.24623020982212449,-1.134180945278092
231,0.9439338657314628,0.21303735978704721,0.9075819357891576,0.2413598922843364,-1.132946317611148
232,0.9480201162324647,0.20903008591710337,0.9015593641302672,0.23655927256933434,-1.1316996380279365
233,0.9521063667334667,0.20507742875058174,0.8954815736162014,0.23182791696286692,-1.130440918706951
234,0.9561926172344687,0.20117905046783807,0.8893499763058476,0.22716538209161197,-1.129170167387425
235,0.9602788677354708,0.19733460606011102,0.883166568982847,0.22257121540841496,-1.1278873982225728
236,0.9643651182364728,0.19354374544514655,0.8769315504618371,0.2180449555313482,-1.1265926213727515
237,0.9684513687374747,0.18980611342901504,0.8706470072456862,0.2135861324635022,-1.1252858435636246
238,0.9725376192384768,0.18612134850255121,0.864314368652012,0.20919426824751208,-1.1239670780949913
239,0.9766238697394788,0.1824890800882358,0.8579350698774039,0.20486887140500223,-1.1226363314777275
240,0.9807101202404808,0.17890891930724523,0.851510551457238,0.20060943117311603,-1.1212936277850067
241,0.9847963707414827,0.1753804724682621,0.8450422491173654,0.1964154287501407,-1.1199389874245276
242,0.9888826212424847,0.17190334312808517,0.8385315943863695,0.19228634005654047,-1.118572428886784
243,0.9929688717434868,0.1684771306956156,0.8319800247226391,0.18822163544093815,-1.1171939756084437
244,0.9970551222444888,0.16510143263480706,0.8253889820036395,0.18422078057914637,-1.1158036465172896
245,1.001141372745491,0.16177584334710793,0.8187599108103355,0.1802832363780391,-1.1144014622209173
246,1.005227623246493,0.15849995488159366,0.8120942529407803,0.17640845923778076,-1.1129874413501601
247,1.009313873747495,0.15527335689002103,0.8053934556833455,0.17259590127555846,-1.1115616016327055
248,1.013400124248497,0.15209563559742162,0.7986589669615769,0.1688450106896077,-1.1101239692144724
249,1.0174863747494989,0.14896637723760128,0.7918922250051715,0.16515523149757436,-1.108674551668474
250,1.0215726252505009,0.14588516330139178,0.7850940754793122,0.16152600434418662,-1.107213377212881
251,1.0256588757515028,0.14285157522407957,0.7782671533286379,0.1579567664139472,-1.1057404593976186
252,1.029745126252505,0.13986519187837632,0.7714123102696021,0.15444695169894318,-1.104255816795696
253,1.033831376753507,0.13692559052736492,0.7645309850826614,0.1509959911730609,-1.1027594665942593
254,1.037917627254509,0.13403234700709676,0.7576246132150719,0.14760331314885522,-1.1012514250835277
255,1.042003877755511,0.1311850352236549,0.7506946307042591,0.1442683430796295,-1.0997317097462305
256,1.046090128256513,0.12838322810940683,0.7437424679499586,0.14099050421619191,-1.0982003357638062
257,1.050176378757515,0.12562649699109757,0.7367695496788348,0.13776921755953067,-1.096657320384358
258,1.0542626292585169,0.12291441254570912,0.7297773034093363,0.13460390210612888,-1.095102676067973
259,1.0583488797595189,0.12024654385100153,0.7227671469911052,0.13149397504513508,-1.0935364197084145
260,1.0624351302605208,0.11762245945972502,0.7157404981387319,0.128438851984982,-1.091958564503241
261,1.066521380761523,0.11504172698469954,0.7086987657953261,0.12543794703236746,-1.0903691236228625
262,1.070607631262525,0.11250391312321806,0.7016435654311998,0.12249067297634622,-1.0887681110450826
263,1.074693881763527,0.11000858420171389,0.6945757906265821,0.11959644158244245,-1.087155538363698
264,1.078780132264529,0.10755530571553955,0.6874971338048048,0.11675466366157512,-1.085531419252955
265,1.082866382765531,0.10514364318957692,0.6804090467576488,0.11396474943442257,-1.0838957637119435
266,1.086952633266533,0.10277316134288185,0.6733128788887656,0.11122610835521322,-1.0822485841817187
267,1.0910388837675349,0.10044342492437278,0.6662099782897379,0.10853814956173063,-1.0805898907116385
268,1.095125134268537,0.09815399843000036,0.6591015495389797,0.10590028190355533,-1.0789196935169107
269,1.099211384769539,0.09590444667064746,0.651989451322392,0.10331191419876797,-1.0772379987088507
270,1.103297635270541,0.09369433538270297,0.6448745378776737,0.1007724563642569,-1.0755448123159497
271,1.107383885771543,0.09152323876466337,0.6377581659445309,0.09828132437130328,-1.0738401055060693
272,1.111470136272545,0.08939073358372596,0.630641994668901,0.09583793592295459,-1.0721238329830909
273,1.115556386773547,0.08729639506905226,0.6235271922485798,0.09344170836402974,-1.0703959572456168
274,1.119642637274549,0.08523979843818218,0.6164150810635439,0.09109205896137881,-1.0686564331500716
275,1.123728887775551,0.08322051791373554,0.6093069747445127,0.08878840500061655,-1.066905220328628
276,1.1278151382765529,0.08123812799042575,0.6022041765542535,0.08653016413484904,-1.0651422709426168
277,1.131901388777555,0.07929220207847573,0.5951079813684117,0.08431675429406861,-1.0633675454065465
278,1.135987639278557,0.0773823140216566,0.5880196737552954,0.08214759406394935,-1.0615809969311478
279,1.140073889779559,0.07550803758860124,0.5809405279107941,0.08002210280439578,-1.0597825789141684
280,1.144160140280561,0.07366894645160979,0.5738719296106344,0.07793970083359368,-1.0579722472994666
281,1.148246390781563,0.07186461450166287,0.5668148874742587,0.07589980950858705,-1.056149956900288
282,1.152332641282565,0.07009461641201781,0.5597707669700035,0.07390185149620056,-1.054315656166855
283,1.156418891783567,0.06835852678621648,0.5527407992143866,0.0719452508730333,-1.0524693005458396
284,1.1605051422845691,0.06665592103180074,0.5457262030762446,0.07002943329472743,-1.0506108416282662
285,1.1645913927855711,0.0649863752337459,0.5387281861443922,0.0681538260944322,-1.0487402297680626
286,1.168677643286573,0.0633494661601074,0.5317478318352729,0.06631785849042006,-1.0468574166483176
287,1.172763893787575,0.061744771760444656,0.5247865445743563,0.06452096168993848,-1.0449623482335444
288,1.176850144288577,0.06017187054212165,0.5178453835514959,0.06276256904542761,-1.0430549770177482
289,1.180936394789579,0.05863034242100856,0.5109255029413383,0.06104211618531198,-1.041135249509292
290,1.185022645290581,0.0571197683295293,0.504028047386815,0.05935904114485141,-1.0392031144524876
291,1.189108895791583,0.05563973050621252,0.4971541460056336,0.057712784495306195,-1.0372585195908202
292,1.193195146292585,0.05418981281666732,0.4903049141375703,0.05610278946521925,-1.035301407204041
293,1.1972813967935871,0.05276960016351182,0.48348157075524745,0.05452850206267894,-1.0333317268601048
294,1.2013676472945891,0.051378679232036296,0.4766849695026359,0.052989371186159394,-1.0313494231108762
295,1.205453897795591,0.050016638407731885,0.4699162981605825,0.05148484877139799,-1.0293544390508087
296,1.209540148296593,0.048683067743562757,0.4631764921543946,0.050014389828542234,-1.027346717178798
297,1.213626398797595,0.047377559003825884,0.45646683701983287,0.04857745261816502,-1.0253262016779345
298,1.217712649298597,0.04609970596824888,0.4497882386286197,0.04717349872749565,-1.023292833147056
299,1.221798899799599,0.0448491042857297,0.443141708296468,0.04580199317766013,-1.0212465534620192
300,1.2258851503006012,0.043625351686913394,0.4365282417998912,0.04446240451537897,-1.019187302705841
301,1.2299714008016032,0.042428047950780055,0.42994881851929395,0.04315420491355928,-1.017115021733303
302,1.2340576513026051,0.04125679530132868,0.4234044020401623,0.0418768702570814,-1.0150296442373639
303,1.2381439018036071,0.04011119779932441,0.416895939265554,0.04062988023484053,-1.0129311131049008
304,1.242230152304609,0.03899086209144682,0.4104243601823342,0.039412718424600486,-1.010819364090085
305,1.246316402805611,0.037895397129432434,0.40399057845692327,0.038224872349032525,-1.0086943334694385
306,1.250402653306613,0.036824413707458606,0.39759548902395614,0.03706583309208236,-1.0065559600362315
307,1.254488903807615,0.0357775246437436,0.3912399739499124,0.035935095454570236,-1.0044041842580127
308,1.258575154308617,0.03475434546836435,0.38492489491979087,0.03483215853107164,-1.0022389448472888
309,1.2626614048096192,0.03375449433703458,0.37865109348813547,0.033756525793666926,-1.0000601832932843
310,1.2667476553106212,0.03277759231774083,0.37241939773282756,0.0327077051387783,-0.9978678367134153
311,1.2708339058116231,0.03182326332613315,0.3662306162804411,0.03168520896326044,-0.9956618414190307
312,1.2749201563126251,0.030891134076485288,0.36008553945771093,0.030688554205428504,-0.9934421355151545
313,1.279006406813627,0.0299808342887246,0.35398493977001927,0.029717262392572052,-0.9912086537147609
314,1.283092657314629,0.02909199668786784,0.3479295713362192,0.028770859712890742,-0.9889613291785152
315,1.287178907815631,0.028224256917260715,0.34192016994173297,0.0278488770364974,-0.9867000969462637
316,1.2912651583166332,0.027377253790966515,0.3359574526441205,0.026950849968318417,-0.9844248869552871
317,1.2953514088176352,0.026550629126898227,0.3300421183575449,0.026076318909403946,-0.9821356316934214
318,1.2994376593186372,0.02574402789307228,0.3241748463166913,0.025224829067213912,-0.9798322613689335
319,1.3035239098196392,0.02495709824165118,0.31835629721777037,0.024395930499645887,-0.9775147039703217
320,1.3076101603206411,0.02418949149555668,0.3125871841372345,0.023589178158942264,-0.9751828872994421
321,1.3116964108216431,0.023440862185648614,0.3068679862804719,0.02280413192638977,-0.9728367389298216
322,1.315782661322645,0.022710868164522644,0.301199379809199,0.022040356625095927,-0.9704761819508889
323,1.319868911823647,0.021999170472165132,0.2955819490902462,0.02129742207541806,-0.9681011428301366
324,1.323955162324649,0.021305433492078942,0.29001625895492095,0.02057490309159612,-0.9657115448622803
325,1.3280414128256512,0.020629325042730937,0.2845028546655064,0.019872379517505034,-0.9633073053210423
326,1.3321276633266532,0.019970516096924434,0.2790422630026301,0.0191894362528632,-0.9608883495914498
327,1.3362139138276552,0.019328681159554564,0.2736349902917444,0.018525663265863326,-0.9584545946481046
328,1.3403001643286572,0.018703498078037298,0.26828152328862975,0.017880655610012414,-0.956005958639838
329,1.3443864148296591,0.018094648122340948,0.2629822629973752,0.017254013439241666,-0.9535423580820357
330,1.3484726653306611,0.017501816034590622,0.25773778995443314,0.016645342025300932,-0.9510637063264205
331,1.352558915831663,0.016924689941454945,0.252548466101458,0.01605425176645904,-0.9485699189759528
332,1.3566451663326653,0.016362961482552525,0.247414699475094,0.01548035819398254,-0.9460609077695938
333,1.3607314168336673,0.015816325779243787,0.2423368794342312,0.014923281977190873,-0.9435365827362459
334,1.3648176673346692,0.015284481420756323,0.23731537433632996,0.014382648934553932,-0.9409968541701583
335,1.3689039178356712,0.014767130529429654,0.23235053365122948,0.013858090037826487,-0.9384416295507427
336,1.3729901683366732,0.014263978757030034,0.22744268688455305,0.013349241404722254,-0.9358708136145428
337,1.3770764188376752,0.013774735244253756,0.2225921438519172,0.012855744303021974,-0.9332843118262366
338,1.3811626693386772,0.013299112710495189,0.21779919477072845,0.01237724514422139,-0.9306820247078369
339,1.3852489198396791,0.012836827354938046,0.21306411002746162,0.011913395504359646,-0.928063856820262
340,1.389335170340681,0.012387598969723714,0.20838714039620423,0.011463852078518222,-0.9254297064779701
341,1.3934214208416833,0.011951150923815474,0.2037685172347091,0.011028276687853101,-0.9227794676976817
342,1.3975076713426853,0.01152721005294494,0.1992084521403729,0.010606336296911231,-0.9201130410737639
343,1.4015939218436873,0.011115506830149906,0.19470713728502528,0.010197702966429422,-0.9174303180462257
344,1.4056801723446892,0.010715775234595245,0.1902647452065461,0.00980205386015733,-0.9147311926170288
345,1.4097664228456912,0.010327752834087114,0.18588142923424286,0.009419071213018803,-0.9120155530766407
346,1.4138526733466932,0.009951180341892803,0.18155732339909197,0.00904844197630614,-0.909283287552705
347,1.4179389238476952,0.009585801746943925,0.17729254286830373,0.008689857877997646,-0.906534279281134
348,1.4220251743486974,0.009231364659165608,0.17308718180129,0.008343015762574025,-0.903768410263204
349,1.4261114248496993,0.008887620329924248,0.16894131209186533,0.008007617592472838,-0.9009855614006735
350,1.4301976753507013,0.008554323701707828,0.16485500210626614,0.007683370419004187,-0.8981856061245661
351,1.4342839258517033,0.008231233241911414,0.16082828464915627,0.007369986349086355,-0.8953684256643583
352,1.4383701763527053,0.007918111129563138,0.1568611794576216,0.007067182517166585,-0.8925338886417598
353,1.4424564268537072,0.007614723057015913,0.15295368739545534,0.006774681048012525,-0.8896818698837109
354,1.4465426773547092,0.007320838352163017,0.1491057911833117,0.006492209019258386,-0.8868122347408744
355,1.4506289278557112,0.007036229867048648,0.1453174548516367,0.006219498447177888,-0.8839248524702706
356,1.4547151783567132,0.006760674025427081,0.1415886243143828,0.005956286226377926,-0.8810195853218435
357,1.4588014288577154,0.006493950761770089,0.13791922719065378,0.005702314112078027,-0.8780962962712269
358,1.4628876793587173,0.006235843529556616,0.134309173523622,0.005457328675939937,-0.8751548447412641
359,1.4669739298597193,0.0059861392931147926,0.1307583552561399,0.0052210812687409885,-0.8721950848598249
360,1.4710601803607213,0.005744628470294608,0.12726664657166903,0.0049933279825040994,-0.8692168707383824
361,1.4751464308617233,0.005511104931062405,0.12383390442617194,0.004773829621720735,-0.8662200559481016
362,1.4792326813627252,0.005285366003616912,0.12045996843901058,0.0045623516519420005,-0.8632044874129561
363,1.4833189318637272,0.005067212433250892,0.11714466103090874,0.004358664154452276,-0.8601700070537514
364,1.4874051823647294,0.004856448329655981,0.11388778779160508,0.004162541807887393,-0.8571164615236949
365,1.4914914328657314,0.0046528812127106635,0.11068913760373653,0.003973763829344147,-0.8540436877022962
366,1.4955776833667334,0.004456321918860387,0.1075484826621919,0.0037921139365323098,-0.8509515258498347
367,1.4996639338677353,0.004266584670107767,0.10446557896233871,0.0036173803050743745,-0.8478398027392259
368,1.5037501843687373,0.004083486935906582,0.1014401664073146,0.0034493555290769067,-0.8447083542122583
369,1.5078364348697393,0.003906849511069117,0.09847197401701382,0.0032878365716555676,-0.8415570045225123
370,1.5119226853707413,0.0037364964313610833,0.09556069492996097,0.0031326247252498165,-0.8383855793242934
371,1.5160089358717432,0.0035722550031711702,0.09270603709405865,0.0029835255595793363,-0.8351938920739965
372,1.5200951863727452,0.003413955704334885,0.0899076731579915,0.0028403488955380395,-0.8319817658827542
373,1.5241814368737474,0.003261432240565116,0.08716526583314081,0.002702908733851393,-0.8287490079459856
374,1.5282676873747494,0.0031145214604326225,0.08447846303242454,0.0025710232303663588,-0.8254954294035369
375,1.5323539378757514,0.002973063337697289,0.0818468981953,0.0024445146244084256,-0.8222208364729163
376,1.5364401883767533,0.002836900994155959,0.07927019075387802,0.0023232092277498603,-0.8189250285913015
377,1.5405264388777553,0.0027058806335957266,0.07674794601725787,0.002206937344876284,-0.8156077978737671
378,1.5446126893787573,0.0025798514842325943,0.07427975549774907,0.0020955332429613617,-0.8122689448476921
379,1.5486989398797593,0.0024586658586011638,0.07186519752556272,0.0019888350893837886,-0.8089082468958668
380,1.5527851903807615,0.002342179032994587,0.06950383720826007,0.00188668492085573,-0.8055254932598017
381,1.5568714408817634,0.002230249280766351,0.06719522697272315,0.0017889285828388117,-0.8021204617199141
382,1.5609576913827654,0.002122737822165044,0.0649389060138384,0.0016954156810204091,-0.7986929253897233
383,1.5650439418837674,0.002019508804408711,0.06273440205192489,0.0016059995364977235,-0.7952426515753378
384,1.5691301923847694,0.001920429254758621,0.06058123053118869,0.0015205371317328715,-0.7917694067433835
385,1.5732164428857713,0.0018253690758381314,0.058478895210988126,0.0014388890616129303,-0.7882729474598194
386,1.5773026933867733,0.0017342010004875207,0.05642688853208179,0.001360919484304493,-0.7847530268532364
387,1.5813889438877753,0.0016468005627246513,0.05442469179739357,0.0012864960707514208,-0.7812093946718707
388,1.5854751943887773,0.001563046082446264,0.05247177736165924,0.0012154899519135388,-0.7776417890451583
389,1.5895614448897795,0.0014828186104866407,0.050567601816447524,0.0011477756706194649,-0.7740499495368356
390,1.5936476953907814,0.0014060019287567727,0.04871161710336702,0.001083231128005323,-0.7704336003031995
391,1.5977339458917834,0.00133248255266347,0.04690326352211548,0.001021737587281352,-0.7667924696192256
392,1.6018201963927854,0.0012621498085315618,0.04514197154011768,0.000963179663860009,-0.7631262607254308
393,1.6059064468937874,0.001194895602811538,0.04342716392027334,0.0009074451585829356,-0.7594346790194526
394,1.6099926973947893,0.0011306144033695685,0.04175825337403081,0.0008544249916795453,-0.7557174127033087
395,1.6140789478957913,0.0010692031798598934,0.04013464403441463,0.0008040131553877972,-0.7519741528388961
396,1.6181651983967935,0.0010105614017021948,0.03855573279422345,0.0007561066658971055,-0.7482045768060362
397,1.6222514488977955,0.0009545909943481763,0.03702090850064009,0.0007106055171444176,-0.7444083605980806
398,1.6263376993987975,0.0009011963223552286,0.03552955262218746,0.0006674126313014303,-0.7405851696744422
399,1.6304239498997994,0.0008502841645914204,0.03408103958192943,0.0006264338091893573,-0.7367346532795562
400,1.6345102004008014,0.0008017636633241028,0.032674737151831425,0.0005875776853139902,-0.7328564665526246
401,1.6385964509018034,0.0007555463195171639,0.0313100068161509,0.0005507556746920943,-0.7289502449618943
402,1.6426827014028054,0.0007115459449865255,0.029986204092763997,0.0005158819264376396,-0.7250156227752923
403,1.6467689519038073,0.0006696786432960212,0.028702678924930287,0.0004828732721726642,-0.721052219607991
404,1.6508552024048093,0.0006298627754088887,0.027458775964958642,0.000451649178157421,-0.717059645038117
405,1.6549414529058115,0.0005920189233875414,0.02625383527948952,0.00042213169719242273,-0.7130375069380869
406,1.6590277034068135,0.0005560698673817137,0.025087192230549987,0.0003942454122760581,-0.7089853908689295
407,1.6631139539078155,0.0005219405486781208,0.023958178157098428,0.0003679173954645778,-0.7049028790661586
408,1.6672002044088174,0.0004895580405096425,0.022866119435617095,0.0003430771531434027,-0.7007895382256424
409,1.6712864549098194,0.00045885150979563293,0.021810342553009444,0.0003196565775920128,-0.6966449292808998
410,1.6753727054108214,0.00042975219162224627,0.02079016770346084,0.0002975898967339817,-0.6924685959381082
411,1.6794589559118234,0.00040219335333482366,0.01980491351346994,0.0002768136256813669,-0.6882600704018128
412,1.6835452064128256,0.0003761102619249963,0.018853896608887626,0.00025726651637628247,-0.6840188700503641
413,1.6876314569138275,0.00035144014827061823,0.01793643156835455,0.00023888950905271979,-0.6797445033763432
414,1.6917177074148295,0.0003281221770940683,0.01705183159941685,0.00022162568240952982,-0.6754364620285714
415,1.6958039579158315,0.00030609741268497215,0.01619940885455132,0.0002054202051400256,-0.6710942223854697
416,1.6998902084168335,0.0002853087840673433,0.015378474810754095,0.00019022028705831517,-0.6667172470000652
417,1.7039764589178354,0.0002657010532978847,0.014588340648343587,0.0001759751305211753,-0.6623049789866087
418,1.7080627094188374,0.00024722077903473145,0.013828317629641694,0.0001626358823736549,-0.65785684766735
419,1.7121489599198394,0.00022981628515373248,0.013097717461149383,0.0001501555862521259,-0.6533722627692871
420,1.7162352104208414,0.00021343762462921543,0.012395852724807286,0.00013848913451941792,-0.6488506174110666
421,1.7203214609218436,0.00019803654737851593,0.011722037220457924,0.00012759322115279978,-0.644291282805114
422,1.7244077114228455,0.00018356646534628678,0.011075586363198124,0.00011742629516558338,-0.6396936114887103
423,1.7284939619238475,0.00016998241790233305,0.010455817542988527,0.00010794851337718144,-0.6350569353543701
424,1.7325802124248495,0.0001572410398466971,0.009862050479495624,9.9121695413923e-05,-0.6303805641997927
425,1.7366664629258515,0.0001453005264543841,0.009293607737628044,9.090927673335896e-05,-0.6256637807977878
426,1.7407527134268534,0.00013412059888368857,0.008749814844112443,8.32762643858454e-05,-0.6209058495038772
427,1.7448389639278554,0.00012366247128860777,0.008230000866055848,7.618919131100636e-05,-0.6161060062692211
428,1.7489252144288576,0.0001138888174611655,0.007733498708752627,6.961607292426406e-05,-0.6112634627012627
429,1.7530114649298596,0.00010476373688706547,0.007259645491961926,6.35263624329888e-05,-0.6063774004307402
430,1.7570977154308616,9.625272196045096e-05,0.006807782868362413,5.789090771617811e-05,-0.6014469672864395
431,1.7611839659318635,8.832262418561705e-05,0.006377257430639504,5.2681909013283434e-05,-0.5964712835362341
432,1.7652702164328655,8.094162103318605e-05,0.005967421044373445,4.7872875931871935e-05,-0.5914494338116117
433,1.7693564669338675,7.407918291515453e-05,0.005577631188257217,4.3438586207014706e-05,-0.5863804715120364
434,1.7734427174348695,6.770604032906731e-05,0.005207251312878559,3.9355044315003176e-05,-0.5812634164356443
435,1.7775289679358715,6.179415383725494e-05,0.004855651173288573,3.5599441184242624e-05,-0.5760972353145186
436,1.7816152184368734,5.6316677028581615e-05,0.004522207165611521,3.215011391075256e-05,-0.5708808759159539
437,1.7857014689378756,5.1247928837471346e-05,0.0042063026370377414,2.8986506436585027e-05,-0.5656132275806381
438,1.7897877194388776,4.6563359381118676e-05,0.003907328303430643,2.6089130828318736e-05,-0.5602931398222486
439,1.7938739699398796,4.223951951643921e-05,0.0036246823806355844,2.3439529171471067e-05,-0.5549194081705553
440,1.7979602204408816,3.825402897854576e-05,0.003357771082833214,2.102023610345044e-05,-0.5494907769123965
441,1.8020464709418835,3.458554552459777e-05,0.0031060088355911054,1.881474201416021e-05,-0.54400593452484
442,1.8061327214428855,3.121373379755736e-05,0.0028688185962899536,1.6807456888701267e-05,-0.5384635173000848
443,1.8102189719438875,2.8119235423348957e-05,0.002645632168601476,1.498367477794535e-05,-0.5328620978614367
444,1.8143052224448897,2.5283638828375858e-05,0.002435890350550837,1.3329539006583862e-05,-0.5272001825791035
445,1.8183914729458917,2.268944921787618e-05,0.002239043487407015,1.1832007907685328e-05,-0.5214762065869508
446,1.8224777234468936,2.0320059328492486e-05,0.002054551462186551,1.047882164577539e-05,-0.5156885359622027
447,1.8265639739478956,1.815972069938408e-05,0.0018818840958908431,9.258469206463213e-06,-0.5098354407387572
448,1.8306502244488976,1.6193514080627198e-05,0.0017205213709959772,8.160156536209686e-06,-0.5039151166065884
449,1.8347364749498996,1.440732191636753e-05,0.0015699536726413658,7.173775259487401e-06,-0.49792565898993263
450,1.8388227254509015,1.2787799426356264e-05,0.001429682019707425,6.289871878330528e-06,-0.49186507143416736
451,1.8429089759519035,1.132234776589592e-05,0.0012992182894974809,5.499618205391896e-06,-0.48573125637045994
452,1.8469952264529055,9.999086834597625e-06,0.0011780854302793013,4.7947819351319385e-06,-0.4795219818015398
453,1.8510814769539077,8.806827540985951e-06,0.0010658176623682702,4.167698392728789e-06,-0.4732349274847049
454,1.8551677274549097,7.735046780958496e-06,0.0009619606677673491,3.6112427159501146e-06,-0.4668675986343064
455,1.8592539779559116,6.773860333236162e-06,0.0008660717717078746,3.1188029694549386e-06,-0.4604173714879287
456,1.8633402284569136,5.91399767717369e-06,0.0007777201095395124,2.68425395266776e-06,-0.45388146887987446
457,1.8674264789579156,5.146777015421422e-06,0.000696486782081777,2.301931720720256e-06,-0.44725693649111237
458,1.8715127294589176,4.46408028388103e-06,0.0006219650009029123,1.966608837287072e-06,-0.4405406516518382
459,1.8755989799599195,3.858329173201493e-06,0.00055376021132485,1.6734703527838049e-06,-0.4337292847917441
460,1.8796852304609217,3.3224613797320823e-06,0.0004914902238052617,1.4180905392811924e-06,-0.42681926957283245
461,1.8837714809619237,2.8499071647693488e-06,0.00043478530120811317,1.196410402421108e-06,-0.41980679834458295
462,1.8878577314629257,2.4345664431496215e-06,0.00038328825761740757,1.0047159144648686e-06,-0.41268781851977643
463,1.8919439819639277,2.0707866513279298e-06,0.0003366545301312081,8.396169493353956e-07,-0.4054579687371347
464,1.8960302324649296,1.7533405768564333e-06,0.0002945522386076429,6.980269421020928e-07,-0.39811258081620754
465,1.9001164829659316,1.4774053087446307e-06,0.00025666222999055053,5.771433908461569e-07,-0.3906466204162774
466,1.9042027334669336,1.2385410516267697e-06,0.00022267810670322693,4.7442892271716665e-07,-0.3830546610417353
467,1.9082889839679356,1.032670907812149e-06,0.0001923062390611341,3.875932142498813e-07,-0.37533081576883887
468,1.9123752344689375,8.56060806541363e-07,0.00016526575974831816,3.145755959199712e-07,-0.3674687516543506
469,1.9164614849699397,7.053002891942214e-07,0.00014128854322099097,2.535283373013982e-07,-0.3594615530231026
470,1.9205477354709417,5.772835748208736e-07,0.00012011916575064249,2.0280071194641554e-07,-0.351301718586646
471,1.9246339859719437,4.6919123917480947e-07,0.00010151484816290325,1.6092370844787928e-07,-0.34298105977192583
472,1.9287202364729457,3.7847232691862994e-07,8.524537948149449e-05,1.2659540166055976e-07,-0.33449051002288277
473,1.9328064869739476,3.028271280562372e-07,7.109302344606209e-05,9.8667150952897e-08,-0.3258200531313489
474,1.9368927374749496,2.40190286704786e-07,5.8852402471074546e-05,7.613048583951273e-08,-0.31695905310727024
475,1.9409789879759516,1.8871488997712143e-07,4.833036268347396e-05,5.810440657795338e-08,-0.3078951882652057
476,1.9450652384769538,1.467564680172751e-07,3.9345821461969644e-05,4.382366453881405e-08,-0.29861487627009015
477,1.9491514889779558,1.1285796120175639e-07,3.172958986482942e-05,3.2627610164370443e-08,-0.28910331018688173
478,1.9532377394789577,8.573523646698422e-08,2.5324175759392524e-05,2.3949584962417105e-08,-0.2793435458901411
479,1.9573239899799597,6.426296071513221e-08,1.9983564732209396e-05,1.730707269212721e-08,-0.26931645382550606
480,1.9614102404809617,4.7461217951234666e-08,1.5572978267614372e-05,1.2292459577842149e-08,-0.25900008698622895
481,1.9654964909819637,3.448251714123686e-08,1.196860908167364e-05,8.564421853232582e-09,-0.2483699730548552
482,1.9695827414829656,2.4599561177736283e-08,9.057333099558878e-06,5.839865081384983e-09,-0.23739712424912382
483,1.9736689919839676,1.7193405810690728e-08,6.736397119659097e-06,3.886546377941591e-09,-0.2260486619541642
484,1.9777552424849696,1.1742335219531846e-08,4.913082036335523e-06,2.516210286319894e-09,-0.21428533926833443
485,1.9818414929859718,7.811216227378589e-09,3.504340861409042e-06,1.5783442563462718e-09,-0.2020612681049744
486,1.9859277434869738,5.041500263858848e-09,2.43641136077868e-06,9.544619664417018e-10,-0.1893210188411536
487,1.9900139939879757,3.1417792120935605e-09,1.6444020771663872e-06,5.529456868634063e-10,-0.17599762731097343
488,1.9941002444889777,1.878946426847017e-09,1.071851964435434e-06,3.044050059081139e-10,-0.16200834763496874
489,1.9981864949899797,1.0699538737649782e-09,6.702617223003172e-07,1.5754979033930471e-10,-0.14724914241855577
490,2.002272745490982,5.741637632320748e-10,3.985995677591199e-07,7.55523177696002e-11,-0.13158670506181394
491,2.0063589959919836,2.8631474230936087e-10,2.227735445125228e-07,3.288194675259743e-11,-0.11484545464679127
492,2.010445246492986,1.3009515797182742e-10,1.1508264926446643e-07,1.2591376955055313e-11,-0.09678590003927756
493,2.0145314969939876,5.2335934764538324e-11,5.3630148659916956e-08,4.03525317587178e-12,-0.07710291588421153
494,2.01861774749499,1.7827846564101068e-11,2.171110773255234e-08,9.843171811500287e-13,-0.05521234309544108
495,2.0227039979959915,4.771578503518761e-12,7.167953628550491e-09,1.4478972289715418e-13,-0.030344198002899923
496,2.0267902484969937,8.726486063000516e-13,1.7144923125178643e-09,8.928212959922696e-16,-0.0010231166239727904
497,2.030876498997996,7.961956322869277e-14,2.2779442287817695e-10,-2.8529605021751838e-15,0.03583240583699978
498,2.0349627494989977,1.3285632729856832e-15,7.211074338480101e-12,-1.185858404774981e-16,0.08925870742384732
499,2.039049,0.0,0.0,-0.0,0.0
